,date,tavg
0,2023-01-01,48.495000000000005
1,2023-01-02,47.7264
2,2023-01-03,48.1476
3,2023-01-04,49.4274
4,2023-01-05,54.3144
5,2023-01-06,43.698
6,2023-01-07,39.3618
7,2023-01-08,36.606
8,2023-01-09,34.4406
9,2023-01-10,38.1576
10,2023-01-11,35.8914
11,2023-01-12,35.2308
12,2023-01-13,45.606
13,2023-01-14,41.6676
14,2023-01-15,30.3456
15,2023-01-16,32.9214
16,2023-01-17,36.1272
17,2023-01-18,38.5446
18,2023-01-19,44.544
19,2023-01-20,38.8686
20,2023-01-21,41.0484
21,2023-01-22,36.3504
22,2023-01-23,36.8778
23,2023-01-24,34.9788
24,2023-01-25,37.9452
25,2023-01-26,42.7836
26,2023-01-27,37.8156
27,2023-01-28,36.1614
28,2023-01-29,42.720600000000005
29,2023-01-30,44.643
30,2023-01-31,42.571200000000005
31,2023-02-01,30.3096
32,2023-02-02,30.1494
33,2023-02-03,30.9054
34,2023-02-04,12.7668
35,2023-02-05,14.897999999999998
36,2023-02-06,37.1298
37,2023-02-07,37.9524
38,2023-02-08,33.6918
39,2023-02-09,43.2354
40,2023-02-10,46.5168
41,2023-02-11,45.291
42,2023-02-12,38.1504
43,2023-02-13,39.8622
44,2023-02-14,46.5672
45,2023-02-15,45.4026
46,2023-02-16,53.715
47,2023-02-17,57.705600000000004
48,2023-02-18,41.853
49,2023-02-19,33.1176
50,2023-02-20,40.719
51,2023-02-21,46.8588
52,2023-02-22,38.8866
53,2023-02-23,37.7274
54,2023-02-24,38.6346
55,2023-02-25,31.8576
56,2023-02-26,26.1102
57,2023-02-27,38.3322
58,2023-02-28,35.1426
59,2023-03-01,31.989
60,2023-03-02,37.0794
61,2023-03-03,42.416399999999996
62,2023-03-04,39.1458
63,2023-03-05,38.811
64,2023-03-06,43.7772
65,2023-03-07,40.2762
66,2023-03-08,36.3414
67,2023-03-09,37.5222
68,2023-03-10,40.0188
69,2023-03-11,37.7778
70,2023-03-12,36.1848
71,2023-03-13,38.3124
72,2023-03-14,37.155
73,2023-03-15,32.1834
74,2023-03-16,37.1226
75,2023-03-17,45.282
76,2023-03-18,48.4662
77,2023-03-19,39.178200000000004
78,2023-03-20,32.1168
79,2023-03-21,39.568799999999996
80,2023-03-22,49.61280000000001
81,2023-03-23,50.4894
82,2023-03-24,49.7568
83,2023-03-25,45.9534
84,2023-03-26,41.3616
85,2023-03-27,51.0978
86,2023-03-28,48.489599999999996
87,2023-03-29,42.7566
88,2023-03-30,40.0386
89,2023-03-31,36.3198
90,2023-04-01,47.8326
91,2023-04-02,53.0868
92,2023-04-03,41.9412
93,2023-04-04,47.8848
94,2023-04-05,57.8352
95,2023-04-06,47.373599999999996
96,2023-04-07,61.311
97,2023-04-08,44.7204
98,2023-04-09,42.69
99,2023-04-10,44.6142
100,2023-04-11,52.7556
101,2023-04-12,62.583600000000004
102,2023-04-13,71.23259999999999
103,2023-04-14,74.7282
104,2023-04-15,73.47900000000001
105,2023-04-16,61.779
106,2023-04-17,58.5138
107,2023-04-18,55.9992
108,2023-04-19,48.054
109,2023-04-20,51.934799999999996
110,2023-04-21,52.6746
111,2023-04-22,57.0522
112,2023-04-23,56.9784
113,2023-04-24,53.376599999999996
114,2023-04-25,50.6676
115,2023-04-26,49.3014
116,2023-04-27,51.33
117,2023-04-28,50.1078
118,2023-04-29,48.9108
119,2023-04-30,48.971999999999994
120,2023-05-01,52.5918
121,2023-05-02,52.327200000000005
122,2023-05-03,49.0008
123,2023-05-04,49.8234
124,2023-05-05,49.339200000000005
125,2023-05-06,53.3082
126,2023-05-07,61.080600000000004
127,2023-05-08,65.3466
128,2023-05-09,64.3296
129,2023-05-10,56.654399999999995
130,2023-05-11,61.4406
131,2023-05-12,68.4606
132,2023-05-13,75.00540000000001
133,2023-05-14,68.30760000000001
134,2023-05-15,60.6918
135,2023-05-16,63.4836
136,2023-05-17,65.12700000000001
137,2023-05-18,52.653000000000006
138,2023-05-19,52.581
139,2023-05-20,60.2418
140,2023-05-21,58.5516
141,2023-05-22,61.76820000000001
142,2023-05-23,62.7132
143,2023-05-24,58.557
144,2023-05-25,61.0158
145,2023-05-26,58.0026
146,2023-05-27,62.7042
147,2023-05-28,65.7984
148,2023-05-29,66.9648
149,2023-05-30,64.146
150,2023-05-31,58.3104
151,2023-06-01,64.31700000000001
152,2023-06-02,72.26580000000001
153,2023-06-03,74.79480000000001
154,2023-06-04,56.5248
155,2023-06-05,59.21040000000001
156,2023-06-06,65.649
157,2023-06-07,66.1098
158,2023-06-08,60.1248
159,2023-06-09,62.3676
160,2023-06-10,63.0696
161,2023-06-11,68.20500000000001
162,2023-06-12,72.1128
163,2023-06-13,68.43
164,2023-06-14,69.4092
165,2023-06-15,66.3654
166,2023-06-16,69.3318
167,2023-06-17,68.3004
168,2023-06-18,68.5236
169,2023-06-19,70.6944
170,2023-06-20,69.096
171,2023-06-21,66.8586
172,2023-06-22,63.510600000000004
173,2023-06-23,63.6852
174,2023-06-24,65.9658
175,2023-06-25,71.6754
176,2023-06-26,74.18100000000001
177,2023-06-27,70.6656
178,2023-06-28,70.392
179,2023-06-29,71.8428
180,2023-06-30,73.3584
181,2023-07-01,74.1234
182,2023-07-02,73.8318
183,2023-07-03,77.59200000000001
184,2023-07-04,78.753
185,2023-07-05,74.5986
186,2023-07-06,81.67439999999999
187,2023-07-07,79.356
188,2023-07-08,78.582
189,2023-07-09,78.47040000000001
190,2023-07-10,74.05680000000001
191,2023-07-11,74.9748
192,2023-07-12,78.969
193,2023-07-13,81.6942
194,2023-07-14,78.5856
195,2023-07-15,75.31139999999999
196,2023-07-16,79.689
197,2023-07-17,74.2782
198,2023-07-18,79.9572
199,2023-07-19,75.63
200,2023-07-20,73.8534
201,2023-07-21,77.3022
202,2023-07-22,75.76679999999999
203,2023-07-23,74.8686
204,2023-07-24,78.2526
205,2023-07-25,77.12219999999999
206,2023-07-26,74.6472
207,2023-07-27,77.98259999999999
208,2023-07-28,81.9246
209,2023-07-29,82.10640000000001
210,2023-07-30,75.62100000000001
211,2023-07-31,70.9122
212,2023-08-01,73.2072
213,2023-08-02,70.239
214,2023-08-03,70.87440000000001
215,2023-08-04,72.786
216,2023-08-05,71.4666
217,2023-08-06,75.3708
218,2023-08-07,74.42580000000001
219,2023-08-08,73.47
220,2023-08-09,72.606
221,2023-08-10,77.1366
222,2023-08-11,71.6376
223,2023-08-12,74.8668
224,2023-08-13,75.0612
225,2023-08-14,77.8278
226,2023-08-15,76.5462
227,2023-08-16,71.8554
228,2023-08-17,74.0334
229,2023-08-18,70.923
230,2023-08-19,70.1796
231,2023-08-20,70.1976
232,2023-08-21,75.9666
233,2023-08-22,75.46979999999999
234,2023-08-23,69.9996
235,2023-08-24,71.742
236,2023-08-25,68.0736
237,2023-08-26,72.2676
238,2023-08-27,74.9964
239,2023-08-28,74.5824
240,2023-08-29,69.6252
241,2023-08-30,73.06139999999999
242,2023-08-31,72.435
243,2023-09-01,66.531
244,2023-09-02,66.6444
245,2023-09-03,70.4586
246,2023-09-04,78.08340000000001
247,2023-09-05,80.0976
248,2023-09-06,81.723
249,2023-09-07,83.11080000000001
250,2023-09-08,80.9958
251,2023-09-09,78.74940000000001
252,2023-09-10,76.18440000000001
253,2023-09-11,71.3622
254,2023-09-12,73.17840000000001
255,2023-09-13,74.4546
256,2023-09-14,70.7304
257,2023-09-15,65.8164
258,2023-09-16,62.148
259,2023-09-17,65.631
260,2023-09-18,68.223
261,2023-09-19,61.554
262,2023-09-20,64.0866
263,2023-09-21,64.5078
264,2023-09-22,63.9048
265,2023-09-23,63.1524
266,2023-09-24,57.9828
267,2023-09-25,61.163399999999996
268,2023-09-26,57.4122
269,2023-09-27,54.9858
270,2023-09-28,58.400400000000005
271,2023-09-29,59.0268
272,2023-09-30,57.7344
273,2023-10-01,59.5794
274,2023-10-02,67.6956
275,2023-10-03,67.25280000000001
276,2023-10-04,70.20840000000001
277,2023-10-05,70.15620000000001
278,2023-10-06,69.0024
279,2023-10-07,66.8442
280,2023-10-08,57.432
281,2023-10-09,52.3614
282,2023-10-10,53.821200000000005
283,2023-10-11,57.1566
284,2023-10-12,60.0942
285,2023-10-13,59.2428
286,2023-10-14,56.4276
287,2023-10-15,49.9764
288,2023-10-16,52.159800000000004
289,2023-10-17,55.4088
290,2023-10-18,55.9596
291,2023-10-19,55.210800000000006
292,2023-10-20,57.7614
293,2023-10-21,59.755799999999994
294,2023-10-22,55.4934
295,2023-10-23,50.3742
296,2023-10-24,52.5774
297,2023-10-25,56.053200000000004
298,2023-10-26,61.845600000000005
299,2023-10-27,67.02600000000001
300,2023-10-28,66.69300000000001
301,2023-10-29,65.85419999999999
302,2023-10-30,51.229200000000006
303,2023-10-31,50.640600000000006
304,2023-11-01,45.0642
305,2023-11-02,40.773
306,2023-11-03,41.8386
307,2023-11-04,47.694
308,2023-11-05,51.486599999999996
309,2023-11-06,52.6188
310,2023-11-07,48.7488
311,2023-11-08,52.1256
312,2023-11-09,44.5026
313,2023-11-10,50.6874
314,2023-11-11,45.849000000000004
315,2023-11-12,43.6476
316,2023-11-13,38.0514
317,2023-11-14,40.683
318,2023-11-15,44.238
319,2023-11-16,44.6754
320,2023-11-17,53.452200000000005
321,2023-11-18,57.2178
322,2023-11-19,45.5844
323,2023-11-20,43.9014
324,2023-11-21,37.8966
325,2023-11-22,42.501000000000005
326,2023-11-23,47.650800000000004
327,2023-11-24,46.315200000000004
328,2023-11-25,38.748000000000005
329,2023-11-26,34.1436
330,2023-11-27,43.32
331,2023-11-28,40.6308
332,2023-11-29,31.3014
333,2023-11-30,30.1692
334,2023-12-01,40.5156
335,2023-12-02,42.2292
336,2023-12-03,49.6524
337,2023-12-04,45.321600000000004
338,2023-12-05,42.582
339,2023-12-06,36.6456
340,2023-12-07,34.2858
341,2023-12-08,33.753
342,2023-12-09,41.727000000000004
343,2023-12-10,46.9434
344,2023-12-11,48.1386
345,2023-12-12,37.0542
346,2023-12-13,37.3728
347,2023-12-14,37.3494
348,2023-12-15,34.7538
349,2023-12-16,45.3306
350,2023-12-17,46.947
351,2023-12-18,52.0176
352,2023-12-19,47.1198
353,2023-12-20,34.2876
354,2023-12-21,35.9004
355,2023-12-22,31.287
356,2023-12-23,29.6886
357,2023-12-24,36.0354
358,2023-12-25,41.2752
359,2023-12-26,42.8664
360,2023-12-27,43.4424
361,2023-12-28,45.156
362,2023-12-29,47.659800000000004
363,2023-12-30,44.175
364,2023-12-31,39.7524
