t,ds,y
0,1869-01-01,34.596774193548384
1,1870-01-01,37.693548387096776
2,1871-01-01,27.838709677419356
3,1872-01-01,29.129032258064516
4,1873-01-01,27.35483870967742
5,1874-01-01,34.435483870967744
6,1875-01-01,23.806451612903224
7,1876-01-01,36.29032258064516
8,1877-01-01,27.677419354838708
9,1878-01-01,29.919354838709676
10,1879-01-01,25.983870967741936
11,1880-01-01,39.225806451612904
12,1881-01-01,24.629032258064516
13,1882-01-01,28.306451612903224
14,1883-01-01,24.403225806451612
15,1884-01-01,24.451612903225808
16,1885-01-01,29.080645161290324
17,1886-01-01,25.967741935483872
18,1887-01-01,28.306451612903224
19,1888-01-01,23.241935483870968
20,1889-01-01,35.74193548387097
21,1890-01-01,37.61290322580645
22,1891-01-01,34.08064516129032
23,1892-01-01,31.677419354838708
24,1893-01-01,23.758064516129032
25,1894-01-01,33.70967741935484
26,1895-01-01,29.612903225806452
27,1896-01-01,29.967741935483872
28,1897-01-01,30.79032258064516
29,1898-01-01,35.37096774193548
30,1899-01-01,31.338709677419356
31,1900-01-01,32.225806451612904
32,1901-01-01,32.564516129032256
33,1902-01-01,30.467741935483872
34,1903-01-01,30.483870967741936
35,1904-01-01,25.274193548387096
36,1905-01-01,29.274193548387096
37,1906-01-01,38.38709677419355
38,1907-01-01,34.854838709677416
39,1908-01-01,32.983870967741936
40,1909-01-01,34.516129032258064
41,1910-01-01,31.532258064516128
42,1911-01-01,36.25806451612903
43,1912-01-01,23.725806451612904
44,1913-01-01,40.82258064516129
45,1914-01-01,31.483870967741936
46,1915-01-01,34.45161290322581
47,1916-01-01,35.95161290322581
48,1917-01-01,32.83870967741935
49,1918-01-01,21.677419354838708
50,1919-01-01,35.61290322580645
51,1920-01-01,23.43548387096774
52,1921-01-01,33.403225806451616
53,1922-01-01,28.161290322580644
54,1923-01-01,29.919354838709676
55,1924-01-01,32.645161290322584
56,1925-01-01,28.403225806451612
57,1926-01-01,31.951612903225808
58,1927-01-01,30.903225806451612
59,1928-01-01,33.95161290322581
60,1929-01-01,31.919354838709676
61,1930-01-01,33.29032258064516
62,1931-01-01,32.725806451612904
63,1932-01-01,43.193548387096776
64,1933-01-01,40.306451612903224
65,1934-01-01,34.645161290322584
66,1935-01-01,28.838709677419356
67,1936-01-01,29.274193548387096
68,1937-01-01,40.20967741935484
69,1938-01-01,32.096774193548384
70,1939-01-01,32.145161290322584
71,1940-01-01,24.951612903225808
72,1941-01-01,29.403225806451612
73,1942-01-01,30.693548387096776
74,1943-01-01,30.741935483870968
75,1944-01-01,33.903225806451616
76,1945-01-01,25.193548387096776
77,1946-01-01,34.11290322580645
78,1947-01-01,37.12903225806452
79,1948-01-01,25.403225806451612
80,1949-01-01,38.61290322580645
81,1950-01-01,41.41935483870968
82,1951-01-01,36.41935483870968
83,1952-01-01,36.16129032258065
84,1953-01-01,37.62903225806452
85,1954-01-01,30.79032258064516
86,1955-01-01,30.919354838709676
87,1956-01-01,32.016129032258064
88,1957-01-01,28.516129032258064
89,1958-01-01,31.85483870967742
90,1959-01-01,31.20967741935484
91,1960-01-01,33.87096774193548
92,1961-01-01,27.725806451612904
93,1962-01-01,32.564516129032256
94,1963-01-01,30.112903225806452
95,1964-01-01,35.645161290322584
96,1965-01-01,29.64516129032258
97,1966-01-01,32.193548387096776
98,1967-01-01,37.33870967741935
99,1968-01-01,26.70967741935484
100,1969-01-01,31.79032258064516
101,1970-01-01,25.112903225806452
102,1971-01-01,26.93548387096774
103,1972-01-01,35.04838709677419
104,1973-01-01,35.483870967741936
105,1974-01-01,35.20967741935484
106,1975-01-01,37.29032258064516
107,1976-01-01,27.306451612903224
108,1977-01-01,22.048387096774192
109,1978-01-01,27.951612903225808
110,1979-01-01,33.54838709677419
111,1980-01-01,33.67741935483871
112,1981-01-01,26.20967741935484
113,1982-01-01,26.096774193548388
114,1983-01-01,34.483870967741936
115,1984-01-01,29.85483870967742
116,1985-01-01,28.806451612903224
117,1986-01-01,34.096774193548384
118,1987-01-01,32.29032258064516
119,1988-01-01,29.483870967741936
120,1989-01-01,37.37096774193548
121,1990-01-01,41.354838709677416
122,1991-01-01,34.87096774193548
123,1992-01-01,35.70967741935484
124,1993-01-01,36.32258064516129
125,1994-01-01,25.532258064516128
126,1995-01-01,37.516129032258064
127,1996-01-01,30.5
128,1997-01-01,32.145161290322584
129,1998-01-01,39.983870967741936
130,1999-01-01,33.903225806451616
131,2000-01-01,31.274193548387096
132,2001-01-01,33.62903225806452
133,2002-01-01,39.935483870967744
134,2003-01-01,27.5
135,2004-01-01,24.725806451612904
136,2005-01-01,31.306451612903224
137,2006-01-01,40.87096774193548
138,2007-01-01,37.483870967741936
139,2008-01-01,36.5
140,2009-01-01,27.919354838709676
141,2010-01-01,32.516129032258064
142,2011-01-01,29.677419354838708
143,2012-01-01,37.32258064516129
144,2013-01-01,35.08064516129032
145,2014-01-01,28.596774193548388
146,2015-01-01,29.85483870967742
147,2016-01-01,34.45161290322581
148,2017-01-01,38.016129032258064
149,2018-01-01,31.677419354838708
150,2019-01-01,32.516129032258064
151,2020-01-01,39.145161290322584
152,2021-01-01,34.75806451612903
153,2022-01-01,30.322580645161292
154,1869-02-01,34.80357142857143
155,1870-02-01,30.553571428571427
156,1871-02-01,30.392857142857142
157,1872-02-01,30.379310344827587
158,1873-02-01,29.089285714285715
159,1874-02-01,31.357142857142858
160,1875-02-01,25.160714285714285
161,1876-02-01,32.189655172413794
162,1877-02-01,37.089285714285715
163,1878-02-01,32.30357142857143
164,1879-02-01,27.928571428571427
165,1880-02-01,36.53448275862069
166,1881-02-01,28.535714285714285
167,1882-02-01,34.732142857142854
168,1883-02-01,30.178571428571427
169,1884-02-01,33.810344827586206
170,1885-02-01,22.553571428571427
171,1886-02-01,28.339285714285715
172,1887-02-01,31.892857142857142
173,1888-02-01,29.24137931034483
174,1889-02-01,28.071428571428573
175,1890-02-01,38.035714285714285
176,1891-02-01,36.375
177,1892-02-01,33.51724137931034
178,1893-02-01,29.678571428571427
179,1894-02-01,28.25
180,1895-02-01,24.285714285714285
181,1896-02-01,31.603448275862068
182,1897-02-01,33.44642857142857
183,1898-02-01,36.160714285714285
184,1899-02-01,28.089285714285715
185,1900-02-01,30.464285714285715
186,1901-02-01,26.446428571428573
187,1902-02-01,29.589285714285715
188,1903-02-01,33.535714285714285
189,1904-02-01,25.051724137931036
190,1905-02-01,24.803571428571427
191,1906-02-01,32.839285714285715
192,1907-02-01,25.803571428571427
193,1908-02-01,27.448275862068964
194,1909-02-01,38.05357142857143
195,1910-02-01,29.678571428571427
196,1911-02-01,31.160714285714285
197,1912-02-01,28.82758620689655
198,1913-02-01,31.25
199,1914-02-01,25.392857142857142
200,1915-02-01,35.857142857142854
201,1916-02-01,27.844827586206897
202,1917-02-01,28.321428571428573
203,1918-02-01,30.392857142857142
204,1919-02-01,34.910714285714285
205,1920-02-01,28.5
206,1921-02-01,33.92857142857143
207,1922-02-01,33.589285714285715
208,1923-02-01,26.285714285714285
209,1924-02-01,28.82758620689655
210,1925-02-01,37.839285714285715
211,1926-02-01,29.196428571428573
212,1927-02-01,36.357142857142854
213,1928-02-01,32.98275862068966
214,1929-02-01,32.910714285714285
215,1930-02-01,37.0
216,1931-02-01,33.839285714285715
217,1932-02-01,36.10344827586207
218,1933-02-01,34.07142857142857
219,1934-02-01,19.910714285714285
220,1935-02-01,31.160714285714285
221,1936-02-01,25.70689655172414
222,1937-02-01,34.785714285714285
223,1938-02-01,35.375
224,1939-02-01,37.0
225,1940-02-01,32.86206896551724
226,1941-02-01,31.089285714285715
227,1942-02-01,29.625
228,1943-02-01,34.589285714285715
229,1944-02-01,33.172413793103445
230,1945-02-01,33.910714285714285
231,1946-02-01,31.660714285714285
232,1947-02-01,29.25
233,1948-02-01,30.724137931034484
234,1949-02-01,38.607142857142854
235,1950-02-01,31.553571428571427
236,1951-02-01,36.160714285714285
237,1952-02-01,36.189655172413794
238,1953-02-01,38.42857142857143
239,1954-02-01,40.125
240,1955-02-01,34.982142857142854
241,1956-02-01,36.55172413793103
242,1957-02-01,37.232142857142854
243,1958-02-01,27.392857142857142
244,1959-02-01,32.035714285714285
245,1960-02-01,36.258620689655174
246,1961-02-01,36.625
247,1962-02-01,31.803571428571427
248,1963-02-01,28.232142857142858
249,1964-02-01,32.810344827586206
250,1965-02-01,33.857142857142854
251,1966-02-01,35.035714285714285
252,1967-02-01,29.160714285714285
253,1968-02-01,28.844827586206897
254,1969-02-01,32.607142857142854
255,1970-02-01,32.982142857142854
256,1971-02-01,35.089285714285715
257,1972-02-01,31.43103448275862
258,1973-02-01,32.482142857142854
259,1974-02-01,31.696428571428573
260,1975-02-01,35.785714285714285
261,1976-02-01,39.86206896551724
262,1977-02-01,33.44642857142857
263,1978-02-01,27.178571428571427
264,1979-02-01,25.464285714285715
265,1980-02-01,31.379310344827587
266,1981-02-01,39.267857142857146
267,1982-02-01,35.339285714285715
268,1983-02-01,36.410714285714285
269,1984-02-01,40.62068965517241
270,1985-02-01,36.55357142857143
271,1986-02-01,31.946428571428573
272,1987-02-01,33.19642857142857
273,1988-02-01,34.94827586206897
274,1989-02-01,34.5
275,1990-02-01,39.714285714285715
276,1991-02-01,39.94642857142857
277,1992-02-01,36.3448275862069
278,1993-02-01,30.75
279,1994-02-01,30.571428571428573
280,1995-02-01,31.553571428571427
281,1996-02-01,33.8448275862069
282,1997-02-01,40.0
283,1998-02-01,40.625
284,1999-02-01,38.82142857142857
285,2000-02-01,37.275862068965516
286,2001-02-01,35.910714285714285
287,2002-02-01,40.589285714285715
288,2003-02-01,30.071428571428573
289,2004-02-01,35.03448275862069
290,2005-02-01,36.535714285714285
291,2006-02-01,35.732142857142854
292,2007-02-01,28.25
293,2008-02-01,35.775862068965516
294,2009-02-01,36.714285714285715
295,2010-02-01,33.107142857142854
296,2011-02-01,36.035714285714285
297,2012-02-01,40.87931034482759
298,2013-02-01,33.910714285714285
299,2014-02-01,31.625
300,2015-02-01,23.946428571428573
301,2016-02-01,37.706896551724135
302,2017-02-01,41.625
303,2018-02-01,42.035714285714285
304,2019-02-01,36.214285714285715
305,2020-02-01,40.12068965517241
306,2021-02-01,34.160714285714285
307,2022-02-01,37.32142857142857
308,1869-03-01,35.403225806451616
309,1870-03-01,34.564516129032256
310,1871-03-01,44.08064516129032
311,1872-03-01,30.919354838709676
312,1873-03-01,35.645161290322584
313,1874-03-01,37.064516129032256
314,1875-03-01,34.483870967741936
315,1876-03-01,34.645161290322584
316,1877-03-01,36.08064516129032
317,1878-03-01,44.193548387096776
318,1879-03-01,39.83870967741935
319,1880-03-01,36.693548387096776
320,1881-03-01,36.83870967741935
321,1882-03-01,40.096774193548384
322,1883-03-01,32.46774193548387
323,1884-03-01,36.983870967741936
324,1885-03-01,30.14516129032258
325,1886-03-01,37.82258064516129
326,1887-03-01,32.096774193548384
327,1888-03-01,29.919354838709676
328,1889-03-01,39.96774193548387
329,1890-03-01,35.645161290322584
330,1891-03-01,36.33870967741935
331,1892-03-01,34.5
332,1893-03-01,35.403225806451616
333,1894-03-01,42.95161290322581
334,1895-03-01,35.53225806451613
335,1896-03-01,32.725806451612904
336,1897-03-01,40.903225806451616
337,1898-03-01,46.145161290322584
338,1899-03-01,38.306451612903224
339,1900-03-01,33.516129032258064
340,1901-03-01,38.354838709677416
341,1902-03-01,44.5
342,1903-03-01,48.225806451612904
343,1904-03-01,36.20967741935484
344,1905-03-01,40.41935483870968
345,1906-03-01,35.79032258064516
346,1907-03-01,42.596774193548384
347,1908-03-01,41.096774193548384
348,1909-03-01,38.225806451612904
349,1910-03-01,43.596774193548384
350,1911-03-01,34.82258064516129
351,1912-03-01,37.54838709677419
352,1913-03-01,44.806451612903224
353,1914-03-01,36.45161290322581
354,1915-03-01,36.74193548387097
355,1916-03-01,32.354838709677416
356,1917-03-01,39.24193548387097
357,1918-03-01,42.08064516129032
358,1919-03-01,43.24193548387097
359,1920-03-01,39.903225806451616
360,1921-03-01,48.37096774193548
361,1922-03-01,40.983870967741936
362,1923-03-01,36.774193548387096
363,1924-03-01,39.12903225806452
364,1925-03-01,44.16129032258065
365,1926-03-01,35.693548387096776
366,1927-03-01,42.983870967741936
367,1928-03-01,38.774193548387096
368,1929-03-01,45.096774193548384
369,1930-03-01,40.24193548387097
370,1931-03-01,40.306451612903224
371,1932-03-01,37.33870967741935
372,1933-03-01,38.32258064516129
373,1934-03-01,37.29032258064516
374,1935-03-01,43.38709677419355
375,1936-03-01,45.16129032258065
376,1937-03-01,36.483870967741936
377,1938-03-01,44.145161290322584
378,1939-03-01,39.17741935483871
379,1940-03-01,35.11290322580645
380,1941-03-01,36.08064516129032
381,1942-03-01,42.96774193548387
382,1943-03-01,40.17741935483871
383,1944-03-01,37.596774193548384
384,1945-03-01,51.096774193548384
385,1946-03-01,49.82258064516129
386,1947-03-01,37.79032258064516
387,1948-03-01,42.03225806451613
388,1949-03-01,42.83870967741935
389,1950-03-01,36.32258064516129
390,1951-03-01,41.53225806451613
391,1952-03-01,40.20967741935484
392,1953-03-01,43.37096774193548
393,1954-03-01,41.53225806451613
394,1955-03-01,41.66129032258065
395,1956-03-01,37.37096774193548
396,1957-03-01,41.903225806451616
397,1958-03-01,40.225806451612904
398,1959-03-01,40.08064516129032
399,1960-03-01,33.354838709677416
400,1961-03-01,41.516129032258064
401,1962-03-01,43.04838709677419
402,1963-03-01,43.66129032258065
403,1964-03-01,43.12903225806452
404,1965-03-01,39.983870967741936
405,1966-03-01,42.645161290322584
406,1967-03-01,37.516129032258064
407,1968-03-01,43.25806451612903
408,1969-03-01,40.03225806451613
409,1970-03-01,38.66129032258065
410,1971-03-01,40.096774193548384
411,1972-03-01,39.74193548387097
412,1973-03-01,46.37096774193548
413,1974-03-01,42.04838709677419
414,1975-03-01,40.11290322580645
415,1976-03-01,44.403225806451616
416,1977-03-01,46.725806451612904
417,1978-03-01,39.0
418,1979-03-01,46.854838709677416
419,1980-03-01,41.17741935483871
420,1981-03-01,42.20967741935484
421,1982-03-01,41.87096774193548
422,1983-03-01,43.96774193548387
423,1984-03-01,36.66129032258065
424,1985-03-01,45.75806451612903
425,1986-03-01,45.064516129032256
426,1987-03-01,45.12903225806452
427,1988-03-01,43.58064516129032
428,1989-03-01,42.37096774193548
429,1990-03-01,45.064516129032256
430,1991-03-01,44.61290322580645
431,1992-03-01,39.983870967741936
432,1993-03-01,39.645161290322584
433,1994-03-01,40.645161290322584
434,1995-03-01,44.983870967741936
435,1996-03-01,38.91935483870968
436,1997-03-01,41.854838709677416
437,1998-03-01,45.38709677419355
438,1999-03-01,42.516129032258064
439,2000-03-01,47.193548387096776
440,2001-03-01,39.61290322580645
441,2002-03-01,44.145161290322584
442,2003-03-01,43.096774193548384
443,2004-03-01,43.5
444,2005-03-01,39.45161290322581
445,2006-03-01,43.08064516129032
446,2007-03-01,42.225806451612904
447,2008-03-01,42.645161290322584
448,2009-03-01,42.41935483870968
449,2010-03-01,48.193548387096776
450,2011-03-01,42.32258064516129
451,2012-03-01,50.935483870967744
452,2013-03-01,40.145161290322584
453,2014-03-01,37.66129032258065
454,2015-03-01,38.096774193548384
455,2016-03-01,48.87096774193548
456,2017-03-01,39.17741935483871
457,2018-03-01,40.145161290322584
458,2019-03-01,41.725806451612904
459,2020-03-01,48.0
460,2021-03-01,45.82258064516129
461,2022-03-01,45.29032258064516
462,1869-04-01,49.85
463,1870-04-01,50.766666666666666
464,1871-04-01,52.583333333333336
465,1872-04-01,49.666666666666664
466,1873-04-01,46.8
467,1874-04-01,40.93333333333333
468,1875-04-01,43.416666666666664
469,1876-04-01,47.266666666666666
470,1877-04-01,47.9
471,1878-04-01,53.7
472,1879-04-01,49.083333333333336
473,1880-04-01,49.61666666666667
474,1881-04-01,46.733333333333334
475,1882-04-01,47.43333333333333
476,1883-04-01,47.31666666666667
477,1884-04-01,48.03333333333333
478,1885-04-01,48.86666666666667
479,1886-04-01,53.53333333333333
480,1887-04-01,46.28333333333333
481,1888-04-01,46.0
482,1889-04-01,51.0
483,1890-04-01,49.71666666666667
484,1891-04-01,49.983333333333334
485,1892-04-01,48.95
486,1893-04-01,47.05
487,1894-04-01,49.36666666666667
488,1895-04-01,50.11666666666667
489,1896-04-01,52.766666666666666
490,1897-04-01,50.6
491,1898-04-01,47.96666666666667
492,1899-04-01,49.733333333333334
493,1900-04-01,50.38333333333333
494,1901-04-01,48.333333333333336
495,1902-04-01,50.86666666666667
496,1903-04-01,52.416666666666664
497,1904-04-01,46.8
498,1905-04-01,50.233333333333334
499,1906-04-01,52.25
500,1907-04-01,46.88333333333333
501,1908-04-01,52.46666666666667
502,1909-04-01,48.61666666666667
503,1910-04-01,55.5
504,1911-04-01,47.88333333333333
505,1912-04-01,50.35
506,1913-04-01,52.43333333333333
507,1914-04-01,47.86666666666667
508,1915-04-01,54.4
509,1916-04-01,48.35
510,1917-04-01,48.35
511,1918-04-01,50.733333333333334
512,1919-04-01,49.95
513,1920-04-01,48.06666666666667
514,1921-04-01,56.083333333333336
515,1922-04-01,51.45
516,1923-04-01,50.28333333333333
517,1924-04-01,49.083333333333336
518,1925-04-01,51.8
519,1926-04-01,47.333333333333336
520,1927-04-01,48.583333333333336
521,1928-04-01,48.31666666666667
522,1929-04-01,50.93333333333333
523,1930-04-01,48.38333333333333
524,1931-04-01,51.05
525,1932-04-01,49.0
526,1933-04-01,50.4
527,1934-04-01,50.266666666666666
528,1935-04-01,49.63333333333333
529,1936-04-01,47.78333333333333
530,1937-04-01,49.583333333333336
531,1938-04-01,53.63333333333333
532,1939-04-01,48.233333333333334
533,1940-04-01,46.75
534,1941-04-01,56.75
535,1942-04-01,53.833333333333336
536,1943-04-01,46.06666666666667
537,1944-04-01,48.85
538,1945-04-01,55.56666666666667
539,1946-04-01,50.4
540,1947-04-01,50.43333333333333
541,1948-04-01,50.96666666666667
542,1949-04-01,53.78333333333333
543,1950-04-01,48.416666666666664
544,1951-04-01,53.03333333333333
545,1952-04-01,54.96666666666667
546,1953-04-01,52.3
547,1954-04-01,53.733333333333334
548,1955-04-01,53.46666666666667
549,1956-04-01,48.21666666666667
550,1957-04-01,53.233333333333334
551,1958-04-01,52.86666666666667
552,1959-04-01,53.733333333333334
553,1960-04-01,54.0
554,1961-04-01,49.0
555,1962-04-01,53.28333333333333
556,1963-04-01,53.666666666666664
557,1964-04-01,49.68333333333333
558,1965-04-01,50.6
559,1966-04-01,49.65
560,1967-04-01,49.55
561,1968-04-01,54.96666666666667
562,1969-04-01,55.916666666666664
563,1970-04-01,52.083333333333336
564,1971-04-01,50.733333333333334
565,1972-04-01,50.11666666666667
566,1973-04-01,53.35
567,1974-04-01,55.13333333333333
568,1975-04-01,47.86666666666667
569,1976-04-01,55.0
570,1977-04-01,53.68333333333333
571,1978-04-01,51.56666666666667
572,1979-04-01,52.583333333333336
573,1980-04-01,54.516666666666666
574,1981-04-01,56.11666666666667
575,1982-04-01,51.2
576,1983-04-01,52.3
577,1984-04-01,51.88333333333333
578,1985-04-01,55.483333333333334
579,1986-04-01,54.483333333333334
580,1987-04-01,53.38333333333333
581,1988-04-01,51.15
582,1989-04-01,52.15
583,1990-04-01,53.483333333333334
584,1991-04-01,55.666666666666664
585,1992-04-01,50.5
586,1993-04-01,53.25
587,1994-04-01,55.61666666666667
588,1995-04-01,51.9
589,1996-04-01,52.21666666666667
590,1997-04-01,51.68333333333333
591,1998-04-01,53.96666666666667
592,1999-04-01,53.5
593,2000-04-01,51.0
594,2001-04-01,53.916666666666664
595,2002-04-01,56.1
596,2003-04-01,49.8
597,2004-04-01,53.56666666666667
598,2005-04-01,55.13333333333333
599,2006-04-01,55.666666666666664
600,2007-04-01,50.333333333333336
601,2008-04-01,54.95
602,2009-04-01,54.516666666666666
603,2010-04-01,57.86666666666667
604,2011-04-01,54.3
605,2012-04-01,54.766666666666666
606,2013-04-01,52.983333333333334
607,2014-04-01,52.333333333333336
608,2015-04-01,54.25
609,2016-04-01,53.333333333333336
610,2017-04-01,57.15
611,2018-04-01,49.45
612,2019-04-01,55.45
613,2020-04-01,50.35
614,2021-04-01,54.583333333333336
615,2022-04-01,52.75
616,1869-05-01,60.958333333333336
617,1870-05-01,60.87096774193548
618,1871-05-01,60.29032258064516
619,1872-05-01,61.95161290322581
620,1873-05-01,58.32258064516129
621,1874-05-01,58.29032258064516
622,1875-05-01,60.016129032258064
623,1876-05-01,60.08064516129032
624,1877-05-01,59.46774193548387
625,1878-05-01,59.306451612903224
626,1879-05-01,62.903225806451616
627,1880-05-01,67.48387096774194
628,1881-05-01,62.11290322580645
629,1882-05-01,56.096774193548384
630,1883-05-01,60.87096774193548
631,1884-05-01,60.193548387096776
632,1885-05-01,59.20967741935484
633,1886-05-01,60.37096774193548
634,1887-05-01,64.41935483870968
635,1888-05-01,58.193548387096776
636,1889-05-01,63.806451612903224
637,1890-05-01,60.75806451612903
638,1891-05-01,58.24193548387097
639,1892-05-01,59.693548387096776
640,1893-05-01,58.33870967741935
641,1894-05-01,61.37096774193548
642,1895-05-01,63.306451612903224
643,1896-05-01,67.20967741935483
644,1897-05-01,61.5
645,1898-05-01,59.145161290322584
646,1899-05-01,62.82258064516129
647,1900-05-01,59.91935483870968
648,1901-05-01,57.91935483870968
649,1902-05-01,59.403225806451616
650,1903-05-01,63.79032258064516
651,1904-05-01,64.25806451612904
652,1905-05-01,61.5
653,1906-05-01,63.32258064516129
654,1907-05-01,56.67741935483871
655,1908-05-01,63.91935483870968
656,1909-05-01,61.20967741935484
657,1910-05-01,61.67741935483871
658,1911-05-01,64.54838709677419
659,1912-05-01,62.225806451612904
660,1913-05-01,60.645161290322584
661,1914-05-01,64.51612903225806
662,1915-05-01,58.95161290322581
663,1916-05-01,61.38709677419355
664,1917-05-01,54.33870967741935
665,1918-05-01,65.29032258064517
666,1919-05-01,61.983870967741936
667,1920-05-01,58.74193548387097
668,1921-05-01,61.17741935483871
669,1922-05-01,64.58064516129032
670,1923-05-01,59.96774193548387
671,1924-05-01,57.25806451612903
672,1925-05-01,59.53225806451613
673,1926-05-01,60.064516129032256
674,1927-05-01,58.95161290322581
675,1928-05-01,59.32258064516129
676,1929-05-01,61.693548387096776
677,1930-05-01,63.854838709677416
678,1931-05-01,61.45161290322581
679,1932-05-01,62.03225806451613
680,1933-05-01,64.37096774193549
681,1934-05-01,63.66129032258065
682,1935-05-01,59.87096774193548
683,1936-05-01,64.2741935483871
684,1937-05-01,64.1774193548387
685,1938-05-01,60.774193548387096
686,1939-05-01,64.91935483870968
687,1940-05-01,60.66129032258065
688,1941-05-01,64.66129032258064
689,1942-05-01,65.29032258064517
690,1943-05-01,62.54838709677419
691,1944-05-01,66.98387096774194
692,1945-05-01,59.193548387096776
693,1946-05-01,61.91935483870968
694,1947-05-01,59.91935483870968
695,1948-05-01,60.17741935483871
696,1949-05-01,63.064516129032256
697,1950-05-01,58.74193548387097
698,1951-05-01,63.33870967741935
699,1952-05-01,60.67741935483871
700,1953-05-01,63.37096774193548
701,1954-05-01,59.806451612903224
702,1955-05-01,65.38709677419355
703,1956-05-01,58.645161290322584
704,1957-05-01,63.096774193548384
705,1958-05-01,59.064516129032256
706,1959-05-01,66.30645161290323
707,1960-05-01,62.61290322580645
708,1961-05-01,59.83870967741935
709,1962-05-01,64.38709677419355
710,1963-05-01,61.11290322580645
711,1964-05-01,65.40322580645162
712,1965-05-01,66.37096774193549
713,1966-05-01,61.54838709677419
714,1967-05-01,55.17741935483871
715,1968-05-01,59.564516129032256
716,1969-05-01,65.20967741935483
717,1970-05-01,64.03225806451613
718,1971-05-01,61.32258064516129
719,1972-05-01,63.25806451612903
720,1973-05-01,59.45161290322581
721,1974-05-01,60.935483870967744
722,1975-05-01,65.79032258064517
723,1976-05-01,60.193548387096776
724,1977-05-01,65.01612903225806
725,1978-05-01,61.46774193548387
726,1979-05-01,65.29032258064517
727,1980-05-01,65.62903225806451
728,1981-05-01,64.7741935483871
729,1982-05-01,64.08064516129032
730,1983-05-01,60.11290322580645
731,1984-05-01,61.645161290322584
732,1985-05-01,65.24193548387096
733,1986-05-01,66.01612903225806
734,1987-05-01,63.564516129032256
735,1988-05-01,62.62903225806452
736,1989-05-01,62.064516129032256
737,1990-05-01,60.20967741935484
738,1991-05-01,68.6774193548387
739,1992-05-01,61.0
740,1993-05-01,65.62903225806451
741,1994-05-01,61.774193548387096
742,1995-05-01,61.88709677419355
743,1996-05-01,61.08064516129032
744,1997-05-01,59.354838709677416
745,1998-05-01,64.3225806451613
746,1999-05-01,63.03225806451613
747,2000-05-01,63.516129032258064
748,2001-05-01,63.564516129032256
749,2002-05-01,60.66129032258065
750,2003-05-01,58.67741935483871
751,2004-05-01,65.19354838709677
752,2005-05-01,58.903225806451616
753,2006-05-01,63.08064516129032
754,2007-05-01,65.2258064516129
755,2008-05-01,60.08064516129032
756,2009-05-01,62.483870967741936
757,2010-05-01,65.2741935483871
758,2011-05-01,64.48387096774194
759,2012-05-01,65.09677419354838
760,2013-05-01,62.79032258064516
761,2014-05-01,64.0
762,2015-05-01,68.51612903225806
763,2016-05-01,62.79032258064516
764,2017-05-01,61.08064516129032
765,2018-05-01,66.88709677419355
766,2019-05-01,62.16129032258065
767,2020-05-01,60.29032258064516
768,2021-05-01,62.88709677419355
769,2022-05-01,64.03225806451613
770,1869-06-01,69.26666666666667
771,1870-06-01,73.08333333333333
772,1871-06-01,69.08333333333333
773,1872-06-01,71.85
774,1873-06-01,69.88333333333334
775,1874-06-01,70.51666666666667
776,1875-06-01,69.05
777,1876-06-01,73.71666666666667
778,1877-06-01,70.11666666666666
779,1878-06-01,67.63333333333334
780,1879-06-01,69.83333333333333
781,1880-06-01,72.15
782,1881-06-01,65.03333333333333
783,1882-06-01,71.53333333333333
784,1883-06-01,73.43333333333334
785,1884-06-01,70.41666666666667
786,1885-06-01,69.5
787,1886-06-01,68.61666666666666
788,1887-06-01,70.08333333333333
789,1888-06-01,71.46666666666667
790,1889-06-01,70.7
791,1890-06-01,70.88333333333334
792,1891-06-01,72.11666666666666
793,1892-06-01,74.11666666666666
794,1893-06-01,68.66666666666667
795,1894-06-01,70.9
796,1895-06-01,73.78333333333333
797,1896-06-01,70.28333333333333
798,1897-06-01,67.48333333333333
799,1898-06-01,71.76666666666667
800,1899-06-01,74.68333333333334
801,1900-06-01,71.25
802,1901-06-01,71.41666666666667
803,1902-06-01,67.03333333333333
804,1903-06-01,64.45
805,1904-06-01,70.73333333333333
806,1905-06-01,70.15
807,1906-06-01,74.08333333333333
808,1907-06-01,68.93333333333334
809,1908-06-01,72.96666666666667
810,1909-06-01,72.33333333333333
811,1910-06-01,69.0
812,1911-06-01,70.1
813,1912-06-01,69.71666666666667
814,1913-06-01,70.46666666666667
815,1914-06-01,68.81666666666666
816,1915-06-01,67.95
817,1916-06-01,65.68333333333334
818,1917-06-01,70.26666666666667
819,1918-06-01,67.75
820,1919-06-01,70.91666666666667
821,1920-06-01,69.15
822,1921-06-01,71.11666666666666
823,1922-06-01,71.75
824,1923-06-01,73.35
825,1924-06-01,67.81666666666666
826,1925-06-01,74.31666666666666
827,1926-06-01,66.75
828,1927-06-01,67.28333333333333
829,1928-06-01,67.4
830,1929-06-01,71.38333333333334
831,1930-06-01,73.51666666666667
832,1931-06-01,70.7
833,1932-06-01,70.46666666666667
834,1933-06-01,72.36666666666666
835,1934-06-01,73.76666666666667
836,1935-06-01,70.03333333333333
837,1936-06-01,69.75
838,1937-06-01,71.81666666666666
839,1938-06-01,70.28333333333333
840,1939-06-01,72.91666666666667
841,1940-06-01,70.36666666666666
842,1941-06-01,71.9
843,1942-06-01,71.0
844,1943-06-01,76.15
845,1944-06-01,72.26666666666667
846,1945-06-01,70.86666666666666
847,1946-06-01,69.68333333333334
848,1947-06-01,68.38333333333334
849,1948-06-01,69.41666666666667
850,1949-06-01,74.23333333333333
851,1950-06-01,70.28333333333333
852,1951-06-01,69.8
853,1952-06-01,73.55
854,1953-06-01,73.56666666666666
855,1954-06-01,71.56666666666666
856,1955-06-01,68.86666666666666
857,1956-06-01,71.43333333333334
858,1957-06-01,74.26666666666667
859,1958-06-01,67.16666666666667
860,1959-06-01,71.18333333333334
861,1960-06-01,71.8
862,1961-06-01,72.35
863,1962-06-01,72.45
864,1963-06-01,70.91666666666667
865,1964-06-01,71.6
866,1965-06-01,70.06666666666666
867,1966-06-01,75.4
868,1967-06-01,72.78333333333333
869,1968-06-01,69.71666666666667
870,1969-06-01,73.05
871,1970-06-01,70.85
872,1971-06-01,74.18333333333334
873,1972-06-01,67.81666666666666
874,1973-06-01,73.38333333333334
875,1974-06-01,69.01666666666667
876,1975-06-01,70.46666666666667
877,1976-06-01,73.13333333333334
878,1977-06-01,70.16666666666667
879,1978-06-01,71.21666666666667
880,1979-06-01,69.2
881,1980-06-01,70.31666666666666
882,1981-06-01,73.0
883,1982-06-01,68.56666666666666
884,1983-06-01,73.36666666666666
885,1984-06-01,74.48333333333333
886,1985-06-01,68.58333333333333
887,1986-06-01,71.53333333333333
888,1987-06-01,72.83333333333333
889,1988-06-01,71.8
890,1989-06-01,72.01666666666667
891,1990-06-01,72.1
892,1991-06-01,74.06666666666666
893,1992-06-01,70.21666666666667
894,1993-06-01,73.25
895,1994-06-01,75.16666666666667
896,1995-06-01,71.81666666666666
897,1996-06-01,71.38333333333334
898,1997-06-01,70.88333333333334
899,1998-06-01,69.15
900,1999-06-01,73.16666666666667
901,2000-06-01,71.28333333333333
902,2001-06-01,72.93333333333334
903,2002-06-01,71.45
904,2003-06-01,68.36666666666666
905,2004-06-01,71.23333333333333
906,2005-06-01,74.0
907,2006-06-01,70.98333333333333
908,2007-06-01,71.36666666666666
909,2008-06-01,74.0
910,2009-06-01,67.46666666666667
911,2010-06-01,74.65
912,2011-06-01,72.31666666666666
913,2012-06-01,70.98333333333333
914,2013-06-01,72.65
915,2014-06-01,72.45
916,2015-06-01,71.18333333333334
917,2016-06-01,72.25
918,2017-06-01,71.98333333333333
919,2018-06-01,71.65
920,2019-06-01,71.65
921,2020-06-01,73.7
922,2021-06-01,74.25
923,2022-06-01,71.38333333333334
924,1869-07-01,73.04838709677419
925,1870-07-01,76.91935483870968
926,1871-07-01,72.88709677419355
927,1872-07-01,77.87096774193549
928,1873-07-01,75.98387096774194
929,1874-07-01,74.19354838709677
930,1875-07-01,74.16129032258064
931,1876-07-01,79.20967741935483
932,1877-07-01,75.20967741935483
933,1878-07-01,77.83870967741936
934,1879-07-01,74.95161290322581
935,1880-07-01,74.69354838709677
936,1881-07-01,73.6774193548387
937,1882-07-01,75.46774193548387
938,1883-07-01,74.2741935483871
939,1884-07-01,72.11290322580645
940,1885-07-01,77.95161290322581
941,1886-07-01,75.2741935483871
942,1887-07-01,79.06451612903226
943,1888-07-01,70.93548387096774
944,1889-07-01,73.93548387096774
945,1890-07-01,73.38709677419355
946,1891-07-01,73.01612903225806
947,1892-07-01,75.62903225806451
948,1893-07-01,74.1774193548387
949,1894-07-01,75.48387096774194
950,1895-07-01,73.09677419354838
951,1896-07-01,77.14516129032258
952,1897-07-01,76.96774193548387
953,1898-07-01,76.88709677419355
954,1899-07-01,77.0
955,1900-07-01,77.64516129032258
956,1901-07-01,78.7258064516129
957,1902-07-01,73.38709677419355
958,1903-07-01,75.30645161290323
959,1904-07-01,75.24193548387096
960,1905-07-01,77.70967741935483
961,1906-07-01,77.96774193548387
962,1907-07-01,77.54838709677419
963,1908-07-01,80.01612903225806
964,1909-07-01,73.93548387096774
965,1910-07-01,77.45161290322581
966,1911-07-01,77.75806451612904
967,1912-07-01,75.64516129032258
968,1913-07-01,76.09677419354838
969,1914-07-01,72.04838709677419
970,1915-07-01,73.87096774193549
971,1916-07-01,75.40322580645162
972,1917-07-01,75.91935483870968
973,1918-07-01,74.56451612903226
974,1919-07-01,75.14516129032258
975,1920-07-01,73.79032258064517
976,1921-07-01,77.2741935483871
977,1922-07-01,73.69354838709677
978,1923-07-01,73.7258064516129
979,1924-07-01,74.09677419354838
980,1925-07-01,73.54838709677419
981,1926-07-01,75.03225806451613
982,1927-07-01,73.95161290322581
983,1928-07-01,75.88709677419355
984,1929-07-01,75.88709677419355
985,1930-07-01,76.37096774193549
986,1931-07-01,77.45161290322581
987,1932-07-01,76.08064516129032
988,1933-07-01,75.7741935483871
989,1934-07-01,77.7258064516129
990,1935-07-01,77.20967741935483
991,1936-07-01,76.1774193548387
992,1937-07-01,76.51612903225806
993,1938-07-01,76.54838709677419
994,1939-07-01,76.62903225806451
995,1940-07-01,76.20967741935483
996,1941-07-01,75.8225806451613
997,1942-07-01,76.29032258064517
998,1943-07-01,76.87096774193549
999,1944-07-01,79.37096774193549
1000,1945-07-01,74.54838709677419
1001,1946-07-01,75.41935483870968
1002,1947-07-01,75.5
1003,1948-07-01,77.14516129032258
1004,1949-07-01,79.61290322580645
1005,1950-07-01,75.01612903225806
1006,1951-07-01,76.80645161290323
1007,1952-07-01,80.2741935483871
1008,1953-07-01,77.80645161290323
1009,1954-07-01,76.70967741935483
1010,1955-07-01,80.83870967741936
1011,1956-07-01,72.91935483870968
1012,1957-07-01,77.66129032258064
1013,1958-07-01,76.08064516129032
1014,1959-07-01,76.29032258064517
1015,1960-07-01,74.53225806451613
1016,1961-07-01,78.06451612903226
1017,1962-07-01,73.98387096774194
1018,1963-07-01,76.37096774193549
1019,1964-07-01,75.37096774193549
1020,1965-07-01,74.29032258064517
1021,1966-07-01,79.66129032258064
1022,1967-07-01,75.3225806451613
1023,1968-07-01,77.29032258064517
1024,1969-07-01,74.74193548387096
1025,1970-07-01,77.11290322580645
1026,1971-07-01,77.80645161290323
1027,1972-07-01,77.12903225806451
1028,1973-07-01,77.33870967741936
1029,1974-07-01,77.1774193548387
1030,1975-07-01,75.80645161290323
1031,1976-07-01,74.80645161290323
1032,1977-07-01,78.96774193548387
1033,1978-07-01,74.3225806451613
1034,1979-07-01,76.87096774193549
1035,1980-07-01,79.29032258064517
1036,1981-07-01,78.46774193548387
1037,1982-07-01,77.90322580645162
1038,1983-07-01,79.5
1039,1984-07-01,74.6774193548387
1040,1985-07-01,76.16129032258064
1041,1986-07-01,76.0
1042,1987-07-01,77.91935483870968
1043,1988-07-01,79.3225806451613
1044,1989-07-01,74.90322580645162
1045,1990-07-01,76.75806451612904
1046,1991-07-01,77.70967741935483
1047,1992-07-01,74.16129032258064
1048,1993-07-01,80.11290322580645
1049,1994-07-01,79.37096774193549
1050,1995-07-01,79.12903225806451
1051,1996-07-01,73.3225806451613
1052,1997-07-01,75.70967741935483
1053,1998-07-01,76.45161290322581
1054,1999-07-01,81.35483870967742
1055,2000-07-01,72.30645161290323
1056,2001-07-01,73.14516129032258
1057,2002-07-01,78.75806451612904
1058,2003-07-01,75.75806451612904
1059,2004-07-01,74.5
1060,2005-07-01,77.53225806451613
1061,2006-07-01,77.93548387096774
1062,2007-07-01,74.98387096774194
1063,2008-07-01,78.40322580645162
1064,2009-07-01,72.66129032258064
1065,2010-07-01,81.33870967741936
1066,2011-07-01,80.24193548387096
1067,2012-07-01,78.75806451612904
1068,2013-07-01,79.83870967741936
1069,2014-07-01,76.14516129032258
1070,2015-07-01,78.79032258064517
1071,2016-07-01,78.6774193548387
1072,2017-07-01,76.7741935483871
1073,2018-07-01,77.62903225806451
1074,2019-07-01,79.56451612903226
1075,2020-07-01,80.03225806451613
1076,2021-07-01,76.03225806451613
1077,2022-07-01,79.54838709677419
1078,1869-08-01,71.75806451612904
1079,1870-08-01,75.06451612903226
1080,1871-08-01,74.43548387096774
1081,1872-08-01,76.24193548387096
1082,1873-08-01,72.01612903225806
1083,1874-08-01,70.06451612903226
1084,1875-08-01,73.2258064516129
1085,1876-08-01,75.19354838709677
1086,1877-08-01,75.48387096774194
1087,1878-08-01,74.2741935483871
1088,1879-08-01,72.03225806451613
1089,1880-08-01,72.51612903225806
1090,1881-08-01,73.56451612903226
1091,1882-08-01,73.2258064516129
1092,1883-08-01,69.90322580645162
1093,1884-08-01,73.74193548387096
1094,1885-08-01,71.90322580645162
1095,1886-08-01,70.14516129032258
1096,1887-08-01,70.30645161290323
1097,1888-08-01,72.8225806451613
1098,1889-08-01,70.91935483870968
1099,1890-08-01,73.08064516129032
1100,1891-08-01,76.12903225806451
1101,1892-08-01,74.87096774193549
1102,1893-08-01,74.01612903225806
1103,1894-08-01,70.96774193548387
1104,1895-08-01,76.14516129032258
1105,1896-08-01,76.51612903225806
1106,1897-08-01,73.40322580645162
1107,1898-08-01,75.93548387096774
1108,1899-08-01,75.96774193548387
1109,1900-08-01,77.2258064516129
1110,1901-08-01,75.53225806451613
1111,1902-08-01,72.37096774193549
1112,1903-08-01,69.41935483870968
1113,1904-08-01,73.08064516129032
1114,1905-08-01,74.95161290322581
1115,1906-08-01,77.59677419354838
1116,1907-08-01,73.90322580645162
1117,1908-08-01,75.87096774193549
1118,1909-08-01,72.56451612903226
1119,1910-08-01,72.38709677419355
1120,1911-08-01,73.25806451612904
1121,1912-08-01,71.62903225806451
1122,1913-08-01,73.3225806451613
1123,1914-08-01,74.61290322580645
1124,1915-08-01,71.58064516129032
1125,1916-08-01,74.7741935483871
1126,1917-08-01,76.12903225806451
1127,1918-08-01,76.45161290322581
1128,1919-08-01,71.11290322580645
1129,1920-08-01,74.20967741935483
1130,1921-08-01,71.58064516129032
1131,1922-08-01,72.33870967741936
1132,1923-08-01,72.54838709677419
1133,1924-08-01,74.24193548387096
1134,1925-08-01,73.30645161290323
1135,1926-08-01,73.93548387096774
1136,1927-08-01,68.45161290322581
1137,1928-08-01,75.35483870967742
1138,1929-08-01,73.08064516129032
1139,1930-08-01,73.51612903225806
1140,1931-08-01,75.2258064516129
1141,1932-08-01,76.64516129032258
1142,1933-08-01,74.80645161290323
1143,1934-08-01,71.96774193548387
1144,1935-08-01,74.62903225806451
1145,1936-08-01,75.40322580645162
1146,1937-08-01,76.58064516129032
1147,1938-08-01,78.11290322580645
1148,1939-08-01,78.04838709677419
1149,1940-08-01,71.33870967741936
1150,1941-08-01,74.03225806451613
1151,1942-08-01,73.58064516129032
1152,1943-08-01,75.90322580645162
1153,1944-08-01,77.79032258064517
1154,1945-08-01,73.37096774193549
1155,1946-08-01,70.91935483870968
1156,1947-08-01,75.91935483870968
1157,1948-08-01,75.24193548387096
1158,1949-08-01,76.7258064516129
1159,1950-08-01,73.08064516129032
1160,1951-08-01,74.48387096774194
1161,1952-08-01,74.93548387096774
1162,1953-08-01,75.79032258064517
1163,1954-08-01,72.69354838709677
1164,1955-08-01,78.11290322580645
1165,1956-08-01,74.1774193548387
1166,1957-08-01,73.56451612903226
1167,1958-08-01,75.12903225806451
1168,1959-08-01,77.5
1169,1960-08-01,74.90322580645162
1170,1961-08-01,76.38709677419355
1171,1962-08-01,72.38709677419355
1172,1963-08-01,72.06451612903226
1173,1964-08-01,72.90322580645162
1174,1965-08-01,73.12903225806451
1175,1966-08-01,76.85483870967742
1176,1967-08-01,73.85483870967742
1177,1968-08-01,76.0
1178,1969-08-01,77.38709677419355
1179,1970-08-01,77.62903225806451
1180,1971-08-01,75.91935483870968
1181,1972-08-01,75.59677419354838
1182,1973-08-01,77.62903225806451
1183,1974-08-01,76.37096774193549
1184,1975-08-01,74.33870967741936
1185,1976-08-01,74.3225806451613
1186,1977-08-01,75.69354838709677
1187,1978-08-01,75.98387096774194
1188,1979-08-01,76.75806451612904
1189,1980-08-01,80.25806451612904
1190,1981-08-01,75.95161290322581
1191,1982-08-01,73.11290322580645
1192,1983-08-01,77.7258064516129
1193,1984-08-01,76.62903225806451
1194,1985-08-01,75.40322580645162
1195,1986-08-01,73.09677419354838
1196,1987-08-01,74.1774193548387
1197,1988-08-01,78.79032258064517
1198,1989-08-01,73.98387096774194
1199,1990-08-01,75.24193548387096
1200,1991-08-01,77.09677419354838
1201,1992-08-01,72.90322580645162
1202,1993-08-01,77.1774193548387
1203,1994-08-01,73.95161290322581
1204,1995-08-01,78.54838709677419
1205,1996-08-01,74.45161290322581
1206,1997-08-01,73.29032258064517
1207,1998-08-01,76.64516129032258
1208,1999-08-01,75.5
1209,2000-08-01,72.43548387096774
1210,2001-08-01,78.69354838709677
1211,2002-08-01,77.70967741935483
1212,2003-08-01,76.69354838709677
1213,2004-08-01,74.2258064516129
1214,2005-08-01,79.66129032258064
1215,2006-08-01,75.75806451612904
1216,2007-08-01,74.03225806451613
1217,2008-08-01,73.80645161290323
1218,2009-08-01,75.69354838709677
1219,2010-08-01,77.41935483870968
1220,2011-08-01,75.2741935483871
1221,2012-08-01,76.69354838709677
1222,2013-08-01,74.59677419354838
1223,2014-08-01,74.51612903225806
1224,2015-08-01,78.96774193548387
1225,2016-08-01,79.1774193548387
1226,2017-08-01,74.03225806451613
1227,2018-08-01,78.12903225806451
1228,2019-08-01,75.5
1229,2020-08-01,76.87096774193549
1230,2021-08-01,77.54838709677419
1231,2022-08-01,79.3225806451613
1232,1869-09-01,65.61666666666666
1233,1870-09-01,68.13333333333334
1234,1871-09-01,60.916666666666664
1235,1872-09-01,66.41666666666667
1236,1873-09-01,65.38333333333334
1237,1874-09-01,67.25
1238,1875-09-01,63.86666666666667
1239,1876-09-01,63.78333333333333
1240,1877-09-01,67.03333333333333
1241,1878-09-01,68.16666666666667
1242,1879-09-01,63.13333333333333
1243,1880-09-01,67.2
1244,1881-09-01,73.31666666666666
1245,1882-09-01,67.05
1246,1883-09-01,61.75
1247,1884-09-01,71.78333333333333
1248,1885-09-01,63.916666666666664
1249,1886-09-01,65.78333333333333
1250,1887-09-01,61.8
1251,1888-09-01,62.95
1252,1889-09-01,65.33333333333333
1253,1890-09-01,67.41666666666667
1254,1891-09-01,72.05
1255,1892-09-01,64.88333333333334
1256,1893-09-01,63.516666666666666
1257,1894-09-01,69.06666666666666
1258,1895-09-01,71.45
1259,1896-09-01,67.41666666666667
1260,1897-09-01,67.1
1261,1898-09-01,70.9
1262,1899-09-01,66.06666666666666
1263,1900-09-01,70.95
1264,1901-09-01,68.36666666666666
1265,1902-09-01,66.48333333333333
1266,1903-09-01,67.16666666666667
1267,1904-09-01,67.13333333333334
1268,1905-09-01,69.8
1269,1906-09-01,70.3
1270,1907-09-01,69.8
1271,1908-09-01,68.88333333333334
1272,1909-09-01,67.36666666666666
1273,1910-09-01,69.65
1274,1911-09-01,67.75
1275,1912-09-01,66.55
1276,1913-09-01,64.56666666666666
1277,1914-09-01,66.68333333333334
1278,1915-09-01,69.95
1279,1916-09-01,67.41666666666667
1280,1917-09-01,63.55
1281,1918-09-01,63.81666666666667
1282,1919-09-01,67.6
1283,1920-09-01,68.48333333333333
1284,1921-09-01,72.1
1285,1922-09-01,68.16666666666667
1286,1923-09-01,68.26666666666667
1287,1924-09-01,64.1
1288,1925-09-01,68.78333333333333
1289,1926-09-01,65.68333333333334
1290,1927-09-01,67.86666666666666
1291,1928-09-01,64.7
1292,1929-09-01,69.43333333333334
1293,1930-09-01,71.96666666666667
1294,1931-09-01,72.33333333333333
1295,1932-09-01,69.36666666666666
1296,1933-09-01,69.51666666666667
1297,1934-09-01,69.23333333333333
1298,1935-09-01,65.26666666666667
1299,1936-09-01,68.13333333333334
1300,1937-09-01,66.0
1301,1938-09-01,65.96666666666667
1302,1939-09-01,68.6
1303,1940-09-01,66.58333333333333
1304,1941-09-01,70.0
1305,1942-09-01,68.26666666666667
1306,1943-09-01,67.33333333333333
1307,1944-09-01,70.03333333333333
1308,1945-09-01,70.3
1309,1946-09-01,69.78333333333333
1310,1947-09-01,68.58333333333333
1311,1948-09-01,70.21666666666667
1312,1949-09-01,66.18333333333334
1313,1950-09-01,64.58333333333333
1314,1951-09-01,68.15
1315,1952-09-01,69.86666666666666
1316,1953-09-01,70.36666666666666
1317,1954-09-01,67.4
1318,1955-09-01,67.78333333333333
1319,1956-09-01,64.81666666666666
1320,1957-09-01,69.7
1321,1958-09-01,67.55
1322,1959-09-01,72.28333333333333
1323,1960-09-01,68.0
1324,1961-09-01,73.51666666666667
1325,1962-09-01,64.93333333333334
1326,1963-09-01,63.05
1327,1964-09-01,67.13333333333334
1328,1965-09-01,67.45
1329,1966-09-01,66.5
1330,1967-09-01,66.7
1331,1968-09-01,70.58333333333333
1332,1969-09-01,68.91666666666667
1333,1970-09-01,70.8
1334,1971-09-01,71.53333333333333
1335,1972-09-01,69.53333333333333
1336,1973-09-01,69.5
1337,1974-09-01,66.66666666666667
1338,1975-09-01,64.13333333333334
1339,1976-09-01,66.6
1340,1977-09-01,68.16666666666667
1341,1978-09-01,64.93333333333334
1342,1979-09-01,70.5
1343,1980-09-01,70.78333333333333
1344,1981-09-01,67.55
1345,1982-09-01,68.3
1346,1983-09-01,71.75
1347,1984-09-01,65.91666666666667
1348,1985-09-01,70.45
1349,1986-09-01,67.83333333333333
1350,1987-09-01,67.73333333333333
1351,1988-09-01,67.43333333333334
1352,1989-09-01,68.06666666666666
1353,1990-09-01,67.5
1354,1991-09-01,67.45
1355,1992-09-01,67.2
1356,1993-09-01,67.26666666666667
1357,1994-09-01,67.63333333333334
1358,1995-09-01,68.25
1359,1996-09-01,67.98333333333333
1360,1997-09-01,66.95
1361,1998-09-01,70.21666666666667
1362,1999-09-01,69.03333333333333
1363,2000-09-01,65.96666666666667
1364,2001-09-01,67.65
1365,2002-09-01,70.23333333333333
1366,2003-09-01,67.91666666666667
1367,2004-09-01,69.33333333333333
1368,2005-09-01,73.31666666666666
1369,2006-09-01,66.56666666666666
1370,2007-09-01,70.26666666666667
1371,2008-09-01,68.83333333333333
1372,2009-09-01,66.31666666666666
1373,2010-09-01,71.06666666666666
1374,2011-09-01,70.03333333333333
1375,2012-09-01,68.8
1376,2013-09-01,67.86666666666666
1377,2014-09-01,69.73333333333333
1378,2015-09-01,74.45
1379,2016-09-01,71.8
1380,2017-09-01,70.51666666666667
1381,2018-09-01,70.71666666666667
1382,2019-09-01,70.36666666666666
1383,2020-09-01,68.76666666666667
1384,2021-09-01,70.3
1385,2022-09-01,69.53333333333333
1386,1869-10-01,51.016129032258064
1387,1870-10-01,56.53225806451613
1388,1871-10-01,55.274193548387096
1389,1872-10-01,53.33870967741935
1390,1873-10-01,55.37096774193548
1391,1874-10-01,54.83870967741935
1392,1875-10-01,53.17741935483871
1393,1876-10-01,50.82258064516129
1394,1877-10-01,55.806451612903224
1395,1878-10-01,58.70967741935484
1396,1879-10-01,60.38709677419355
1397,1880-10-01,53.41935483870968
1398,1881-10-01,58.08064516129032
1399,1882-10-01,57.08064516129032
1400,1883-10-01,51.903225806451616
1401,1884-10-01,57.53225806451613
1402,1885-10-01,53.774193548387096
1403,1886-10-01,55.145161290322584
1404,1887-10-01,52.37096774193548
1405,1888-10-01,48.516129032258064
1406,1889-10-01,49.645161290322584
1407,1890-10-01,54.854838709677416
1408,1891-10-01,54.91935483870968
1409,1892-10-01,53.32258064516129
1410,1893-10-01,56.12903225806452
1411,1894-10-01,55.596774193548384
1412,1895-10-01,52.354838709677416
1413,1896-10-01,53.74193548387097
1414,1897-10-01,56.75806451612903
1415,1898-10-01,59.45161290322581
1416,1899-10-01,59.016129032258064
1417,1900-10-01,61.516129032258064
1418,1901-10-01,56.11290322580645
1419,1902-10-01,58.0
1420,1903-10-01,58.24193548387097
1421,1904-10-01,53.96774193548387
1422,1905-10-01,59.41935483870968
1423,1906-10-01,57.54838709677419
1424,1907-10-01,52.61290322580645
1425,1908-10-01,60.725806451612904
1426,1909-10-01,54.91935483870968
1427,1910-10-01,59.54838709677419
1428,1911-10-01,55.983870967741936
1429,1912-10-01,59.20967741935484
1430,1913-10-01,58.61290322580645
1431,1914-10-01,59.403225806451616
1432,1915-10-01,57.645161290322584
1433,1916-10-01,57.66129032258065
1434,1917-10-01,52.95161290322581
1435,1918-10-01,59.016129032258064
1436,1919-10-01,59.225806451612904
1437,1920-10-01,61.064516129032256
1438,1921-10-01,56.25806451612903
1439,1922-10-01,58.11290322580645
1440,1923-10-01,55.983870967741936
1441,1924-10-01,57.03225806451613
1442,1925-10-01,50.61290322580645
1443,1926-10-01,55.064516129032256
1444,1927-10-01,59.54838709677419
1445,1928-10-01,58.806451612903224
1446,1929-10-01,54.62903225806452
1447,1930-10-01,55.53225806451613
1448,1931-10-01,61.24193548387097
1449,1932-10-01,58.403225806451616
1450,1933-10-01,56.145161290322584
1451,1934-10-01,54.46774193548387
1452,1935-10-01,57.38709677419355
1453,1936-10-01,57.403225806451616
1454,1937-10-01,55.096774193548384
1455,1938-10-01,59.83870967741935
1456,1939-10-01,57.25806451612903
1457,1940-10-01,53.725806451612904
1458,1941-10-01,60.693548387096776
1459,1942-10-01,58.75806451612903
1460,1943-10-01,55.774193548387096
1461,1944-10-01,57.03225806451613
1462,1945-10-01,56.17741935483871
1463,1946-10-01,61.70967741935484
1464,1947-10-01,63.62903225806452
1465,1948-10-01,56.645161290322584
1466,1949-10-01,63.12903225806452
1467,1950-10-01,60.016129032258064
1468,1951-10-01,58.62903225806452
1469,1952-10-01,55.693548387096776
1470,1953-10-01,60.70967741935484
1471,1954-10-01,61.725806451612904
1472,1955-10-01,59.79032258064516
1473,1956-10-01,58.064516129032256
1474,1957-10-01,56.193548387096776
1475,1958-10-01,55.5
1476,1959-10-01,59.75806451612903
1477,1960-10-01,58.04838709677419
1478,1961-10-01,61.08064516129032
1479,1962-10-01,57.354838709677416
1480,1963-10-01,61.83870967741935
1481,1964-10-01,54.96774193548387
1482,1965-10-01,57.29032258064516
1483,1966-10-01,56.11290322580645
1484,1967-10-01,57.16129032258065
1485,1968-10-01,60.5
1486,1969-10-01,57.645161290322584
1487,1970-10-01,58.91935483870968
1488,1971-10-01,62.66129032258065
1489,1972-10-01,53.483870967741936
1490,1973-10-01,60.17741935483871
1491,1974-10-01,54.096774193548384
1492,1975-10-01,59.16129032258065
1493,1976-10-01,52.854838709677416
1494,1977-10-01,54.91935483870968
1495,1978-10-01,54.87096774193548
1496,1979-10-01,57.33870967741935
1497,1980-10-01,55.20967741935484
1498,1981-10-01,54.435483870967744
1499,1982-10-01,58.53225806451613
1500,1983-10-01,57.82258064516129
1501,1984-10-01,61.774193548387096
1502,1985-10-01,59.435483870967744
1503,1986-10-01,57.983870967741936
1504,1987-10-01,53.774193548387096
1505,1988-10-01,52.725806451612904
1506,1989-10-01,58.12903225806452
1507,1990-10-01,61.854838709677416
1508,1991-10-01,58.403225806451616
1509,1992-10-01,54.516129032258064
1510,1993-10-01,55.935483870967744
1511,1994-10-01,57.983870967741936
1512,1995-10-01,61.61290322580645
1513,1996-10-01,56.38709677419355
1514,1997-10-01,56.725806451612904
1515,1998-10-01,57.53225806451613
1516,1999-10-01,56.03225806451613
1517,2000-10-01,56.95161290322581
1518,2001-10-01,58.516129032258064
1519,2002-10-01,55.193548387096776
1520,2003-10-01,55.11290322580645
1521,2004-10-01,55.96774193548387
1522,2005-10-01,57.88709677419355
1523,2006-10-01,56.24193548387097
1524,2007-10-01,63.61290322580645
1525,2008-10-01,55.145161290322584
1526,2009-10-01,54.95161290322581
1527,2010-10-01,58.12903225806452
1528,2011-10-01,57.096774193548384
1529,2012-10-01,58.04838709677419
1530,2013-10-01,60.193548387096776
1531,2014-10-01,59.62903225806452
1532,2015-10-01,58.04838709677419
1533,2016-10-01,58.75806451612903
1534,2017-10-01,64.12903225806451
1535,2018-10-01,57.67741935483871
1536,2019-10-01,59.91935483870968
1537,2020-10-01,57.87096774193548
1538,2021-10-01,62.0
1539,2022-10-01,56.88709677419355
1540,1869-11-01,40.6
1541,1870-11-01,45.666666666666664
1542,1871-11-01,38.81666666666667
1543,1872-11-01,41.416666666666664
1544,1873-11-01,36.78333333333333
1545,1874-11-01,42.833333333333336
1546,1875-11-01,38.9
1547,1876-11-01,45.1
1548,1877-11-01,44.083333333333336
1549,1878-11-01,44.1
1550,1879-11-01,42.88333333333333
1551,1880-11-01,38.93333333333333
1552,1881-11-01,44.86666666666667
1553,1882-11-01,38.96666666666667
1554,1883-11-01,43.75
1555,1884-11-01,44.083333333333336
1556,1885-11-01,44.46666666666667
1557,1886-11-01,44.416666666666664
1558,1887-11-01,41.2
1559,1888-11-01,45.166666666666664
1560,1889-11-01,44.666666666666664
1561,1890-11-01,44.166666666666664
1562,1891-11-01,43.86666666666667
1563,1892-11-01,43.266666666666666
1564,1893-11-01,42.81666666666667
1565,1894-11-01,41.333333333333336
1566,1895-11-01,47.916666666666664
1567,1896-11-01,49.733333333333334
1568,1897-11-01,45.71666666666667
1569,1898-11-01,45.85
1570,1899-11-01,46.36666666666667
1571,1900-11-01,49.05
1572,1901-11-01,39.733333333333334
1573,1902-11-01,51.43333333333333
1574,1903-11-01,42.11666666666667
1575,1904-11-01,42.43333333333333
1576,1905-11-01,43.93333333333333
1577,1906-11-01,45.88333333333333
1578,1907-11-01,46.11666666666667
1579,1908-11-01,46.36666666666667
1580,1909-11-01,49.733333333333334
1581,1910-11-01,42.583333333333336
1582,1911-11-01,42.3
1583,1912-11-01,47.78333333333333
1584,1913-11-01,47.31666666666667
1585,1914-11-01,44.43333333333333
1586,1915-11-01,46.25
1587,1916-11-01,45.416666666666664
1588,1917-11-01,41.6
1589,1918-11-01,46.53333333333333
1590,1919-11-01,45.18333333333333
1591,1920-11-01,44.31666666666667
1592,1921-11-01,44.7
1593,1922-11-01,45.68333333333333
1594,1923-11-01,45.21666666666667
1595,1924-11-01,44.35
1596,1925-11-01,43.9
1597,1926-11-01,44.9
1598,1927-11-01,49.15
1599,1928-11-01,47.35
1600,1929-11-01,46.166666666666664
1601,1930-11-01,45.43333333333333
1602,1931-11-01,51.88333333333333
1603,1932-11-01,43.95
1604,1933-11-01,41.81666666666667
1605,1934-11-01,48.85
1606,1935-11-01,48.63333333333333
1607,1936-11-01,42.65
1608,1937-11-01,46.4
1609,1938-11-01,48.28333333333333
1610,1939-11-01,43.666666666666664
1611,1940-11-01,45.333333333333336
1612,1941-11-01,50.0
1613,1942-11-01,46.96666666666667
1614,1943-11-01,45.31666666666667
1615,1944-11-01,45.96666666666667
1616,1945-11-01,47.56666666666667
1617,1946-11-01,50.43333333333333
1618,1947-11-01,44.2
1619,1948-11-01,52.4
1620,1949-11-01,46.25
1621,1950-11-01,48.38333333333333
1622,1951-11-01,43.516666666666666
1623,1952-11-01,48.55
1624,1953-11-01,49.68333333333333
1625,1954-11-01,46.35
1626,1955-11-01,44.25
1627,1956-11-01,46.666666666666664
1628,1957-11-01,49.35
1629,1958-11-01,47.93333333333333
1630,1959-11-01,45.75
1631,1960-11-01,49.68333333333333
1632,1961-11-01,48.71666666666667
1633,1962-11-01,43.18333333333333
1634,1963-11-01,50.333333333333336
1635,1964-11-01,49.36666666666667
1636,1965-11-01,46.75
1637,1966-11-01,48.88333333333333
1638,1967-11-01,42.45
1639,1968-11-01,46.9
1640,1969-11-01,46.35
1641,1970-11-01,48.46666666666667
1642,1971-11-01,45.11666666666667
1643,1972-11-01,44.333333333333336
1644,1973-11-01,48.28333333333333
1645,1974-11-01,48.2
1646,1975-11-01,52.3
1647,1976-11-01,41.65
1648,1977-11-01,47.28333333333333
1649,1978-11-01,47.766666666666666
1650,1979-11-01,52.53333333333333
1651,1980-11-01,44.61666666666667
1652,1981-11-01,47.68333333333333
1653,1982-11-01,50.35
1654,1983-11-01,48.833333333333336
1655,1984-11-01,47.233333333333334
1656,1985-11-01,50.016666666666666
1657,1986-11-01,45.7
1658,1987-11-01,47.7
1659,1988-11-01,49.38333333333333
1660,1989-11-01,45.68333333333333
1661,1990-11-01,50.333333333333336
1662,1991-11-01,48.28333333333333
1663,1992-11-01,46.5
1664,1993-11-01,48.8
1665,1994-11-01,51.93333333333333
1666,1995-11-01,43.583333333333336
1667,1996-11-01,42.95
1668,1997-11-01,44.483333333333334
1669,1998-11-01,48.1
1670,1999-11-01,50.75
1671,2000-11-01,45.266666666666666
1672,2001-11-01,52.68333333333333
1673,2002-11-01,46.016666666666666
1674,2003-11-01,50.016666666666666
1675,2004-11-01,48.166666666666664
1676,2005-11-01,49.61666666666667
1677,2006-11-01,51.916666666666664
1678,2007-11-01,45.416666666666664
1679,2008-11-01,45.85
1680,2009-11-01,51.13333333333333
1681,2010-11-01,47.88333333333333
1682,2011-11-01,51.88333333333333
1683,2012-11-01,43.86666666666667
1684,2013-11-01,45.25
1685,2014-11-01,45.3
1686,2015-11-01,52.78333333333333
1687,2016-11-01,49.766666666666666
1688,2017-11-01,46.63333333333333
1689,2018-11-01,44.38333333333333
1690,2019-11-01,43.86666666666667
1691,2020-11-01,52.95
1692,2021-11-01,46.233333333333334
1693,2022-11-01,50.916666666666664
1694,1869-12-01,34.79032258064516
1695,1870-12-01,34.435483870967744
1696,1871-12-01,29.032258064516128
1697,1872-12-01,26.661290322580644
1698,1873-12-01,36.725806451612904
1699,1874-12-01,33.354838709677416
1700,1875-12-01,33.41935483870968
1701,1876-12-01,25.032258064516128
1702,1877-12-01,37.41935483870968
1703,1878-12-01,33.193548387096776
1704,1879-12-01,36.903225806451616
1705,1880-12-01,26.370967741935484
1706,1881-12-01,39.04838709677419
1707,1882-12-01,30.580645161290324
1708,1883-12-01,31.64516129032258
1709,1884-12-01,33.645161290322584
1710,1885-12-01,35.274193548387096
1711,1886-12-01,29.725806451612904
1712,1887-12-01,33.37096774193548
1713,1888-12-01,34.74193548387097
1714,1889-12-01,39.66129032258065
1715,1890-12-01,30.048387096774192
1716,1891-12-01,42.483870967741936
1717,1892-12-01,32.225806451612904
1718,1893-12-01,34.88709677419355
1719,1894-12-01,36.725806451612904
1720,1895-12-01,38.435483870967744
1721,1896-12-01,34.403225806451616
1722,1897-12-01,38.58064516129032
1723,1898-12-01,35.0
1724,1899-12-01,38.08064516129032
1725,1900-12-01,36.17741935483871
1726,1901-12-01,35.83870967741935
1727,1902-12-01,32.37096774193548
1728,1903-12-01,31.516129032258064
1729,1904-12-01,30.225806451612904
1730,1905-12-01,38.774193548387096
1731,1906-12-01,34.225806451612904
1732,1907-12-01,38.693548387096776
1733,1908-12-01,37.45161290322581
1734,1909-12-01,32.53225806451613
1735,1910-12-01,29.741935483870968
1736,1911-12-01,39.516129032258064
1737,1912-12-01,39.306451612903224
1738,1913-12-01,38.693548387096776
1739,1914-12-01,31.56451612903226
1740,1915-12-01,33.41935483870968
1741,1916-12-01,33.96774193548387
1742,1917-12-01,24.983870967741936
1743,1918-12-01,39.41935483870968
1744,1919-12-01,30.161290322580644
1745,1920-12-01,37.225806451612904
1746,1921-12-01,32.483870967741936
1747,1922-12-01,33.516129032258064
1748,1923-12-01,42.0
1749,1924-12-01,33.96774193548387
1750,1925-12-01,34.79032258064516
1751,1926-12-01,28.919354838709676
1752,1927-12-01,36.693548387096776
1753,1928-12-01,39.29032258064516
1754,1929-12-01,35.75806451612903
1755,1930-12-01,34.62903225806452
1756,1931-12-01,40.91935483870968
1757,1932-12-01,39.08064516129032
1758,1933-12-01,32.67741935483871
1759,1934-12-01,33.38709677419355
1760,1935-12-01,29.967741935483872
1761,1936-12-01,38.564516129032256
1762,1937-12-01,35.403225806451616
1763,1938-12-01,36.95161290322581
1764,1939-12-01,36.88709677419355
1765,1940-12-01,38.403225806451616
1766,1941-12-01,38.32258064516129
1767,1942-12-01,31.06451612903226
1768,1943-12-01,33.04838709677419
1769,1944-12-01,32.32258064516129
1770,1945-12-01,30.983870967741936
1771,1946-12-01,38.096774193548384
1772,1947-12-01,34.0
1773,1948-12-01,38.274193548387096
1774,1949-12-01,39.354838709677416
1775,1950-12-01,34.903225806451616
1776,1951-12-01,38.596774193548384
1777,1952-12-01,38.403225806451616
1778,1953-12-01,41.33870967741935
1779,1954-12-01,35.903225806451616
1780,1955-12-01,29.677419354838708
1781,1956-12-01,40.87096774193548
1782,1957-12-01,40.20967741935484
1783,1958-12-01,29.322580645161292
1784,1959-12-01,38.354838709677416
1785,1960-12-01,30.903225806451612
1786,1961-12-01,35.483870967741936
1787,1962-12-01,31.467741935483872
1788,1963-12-01,31.161290322580644
1789,1964-12-01,36.403225806451616
1790,1965-12-01,40.45161290322581
1791,1966-12-01,35.693548387096776
1792,1967-12-01,38.16129032258065
1793,1968-12-01,34.24193548387097
1794,1969-12-01,33.354838709677416
1795,1970-12-01,34.38709677419355
1796,1971-12-01,40.75806451612903
1797,1972-12-01,38.5
1798,1973-12-01,39.0
1799,1974-12-01,39.33870967741935
1800,1975-12-01,35.82258064516129
1801,1976-12-01,29.903225806451612
1802,1977-12-01,35.62903225806452
1803,1978-12-01,38.854838709677416
1804,1979-12-01,41.08064516129032
1805,1980-12-01,32.435483870967744
1806,1981-12-01,36.5
1807,1982-12-01,42.725806451612904
1808,1983-12-01,35.16129032258065
1809,1984-12-01,43.70967741935484
1810,1985-12-01,34.225806451612904
1811,1986-12-01,39.0
1812,1987-12-01,39.53225806451613
1813,1988-12-01,35.88709677419355
1814,1989-12-01,25.85483870967742
1815,1990-12-01,42.58064516129032
1816,1991-12-01,39.564516129032256
1817,1992-12-01,37.854838709677416
1818,1993-12-01,37.32258064516129
1819,1994-12-01,42.16129032258065
1820,1995-12-01,32.37096774193548
1821,1996-12-01,41.274193548387096
1822,1997-12-01,38.225806451612904
1823,1998-12-01,43.145161290322584
1824,1999-12-01,39.91935483870968
1825,2000-12-01,31.096774193548388
1826,2001-12-01,44.064516129032256
1827,2002-12-01,36.016129032258064
1828,2003-12-01,37.596774193548384
1829,2004-12-01,38.354838709677416
1830,2005-12-01,35.25806451612903
1831,2006-12-01,43.62903225806452
1832,2007-12-01,36.95161290322581
1833,2008-12-01,38.11290322580645
1834,2009-12-01,35.903225806451616
1835,2010-12-01,32.774193548387096
1836,2011-12-01,43.306451612903224
1837,2012-12-01,41.46774193548387
1838,2013-12-01,38.54838709677419
1839,2014-12-01,40.516129032258064
1840,2015-12-01,50.774193548387096
1841,2016-12-01,38.33870967741935
1842,2017-12-01,35.03225806451613
1843,2018-12-01,40.11290322580645
1844,2019-12-01,38.306451612903224
1845,2020-12-01,39.20967741935484
1846,2021-12-01,43.75806451612903
1847,2022-12-01,37.44827586206897
