,Month,Year,TempAvg
0,1,1869,34.596774193548384
1,1,1870,37.693548387096776
2,1,1871,27.838709677419356
3,1,1872,29.129032258064516
4,1,1873,27.35483870967742
5,1,1874,34.435483870967744
6,1,1875,23.806451612903224
7,1,1876,36.29032258064516
8,1,1877,27.677419354838708
9,1,1878,29.919354838709676
10,1,1879,25.983870967741936
11,1,1880,39.225806451612904
12,1,1881,24.629032258064516
13,1,1882,28.306451612903224
14,1,1883,24.403225806451612
15,1,1884,24.451612903225808
16,1,1885,29.080645161290324
17,1,1886,25.967741935483872
18,1,1887,28.306451612903224
19,1,1888,23.241935483870968
20,1,1889,35.74193548387097
21,1,1890,37.61290322580645
22,1,1891,34.08064516129032
23,1,1892,31.677419354838708
24,1,1893,23.758064516129032
25,1,1894,33.70967741935484
26,1,1895,29.612903225806452
27,1,1896,29.967741935483872
28,1,1897,30.79032258064516
29,1,1898,35.37096774193548
30,1,1899,31.338709677419356
31,1,1900,32.225806451612904
32,1,1901,32.564516129032256
33,1,1902,30.467741935483872
34,1,1903,30.483870967741936
35,1,1904,25.274193548387096
36,1,1905,29.274193548387096
37,1,1906,38.38709677419355
38,1,1907,34.854838709677416
39,1,1908,32.983870967741936
40,1,1909,34.516129032258064
41,1,1910,31.532258064516128
42,1,1911,36.25806451612903
43,1,1912,23.725806451612904
44,1,1913,40.82258064516129
45,1,1914,31.483870967741936
46,1,1915,34.45161290322581
47,1,1916,35.95161290322581
48,1,1917,32.83870967741935
49,1,1918,21.677419354838708
50,1,1919,35.61290322580645
51,1,1920,23.43548387096774
52,1,1921,33.403225806451616
53,1,1922,28.161290322580644
54,1,1923,29.919354838709676
55,1,1924,32.645161290322584
56,1,1925,28.403225806451612
57,1,1926,31.951612903225808
58,1,1927,30.903225806451612
59,1,1928,33.95161290322581
60,1,1929,31.919354838709676
61,1,1930,33.29032258064516
62,1,1931,32.725806451612904
63,1,1932,43.193548387096776
64,1,1933,40.306451612903224
65,1,1934,34.645161290322584
66,1,1935,28.838709677419356
67,1,1936,29.274193548387096
68,1,1937,40.20967741935484
69,1,1938,32.096774193548384
70,1,1939,32.145161290322584
71,1,1940,24.951612903225808
72,1,1941,29.403225806451612
73,1,1942,30.693548387096776
74,1,1943,30.741935483870968
75,1,1944,33.903225806451616
76,1,1945,25.193548387096776
77,1,1946,34.11290322580645
78,1,1947,37.12903225806452
79,1,1948,25.403225806451612
80,1,1949,38.61290322580645
81,1,1950,41.41935483870968
82,1,1951,36.41935483870968
83,1,1952,36.16129032258065
84,1,1953,37.62903225806452
85,1,1954,30.79032258064516
86,1,1955,30.919354838709676
87,1,1956,32.016129032258064
88,1,1957,28.516129032258064
89,1,1958,31.85483870967742
90,1,1959,31.20967741935484
91,1,1960,33.87096774193548
92,1,1961,27.725806451612904
93,1,1962,32.564516129032256
94,1,1963,30.112903225806452
95,1,1964,35.645161290322584
96,1,1965,29.64516129032258
97,1,1966,32.193548387096776
98,1,1967,37.33870967741935
99,1,1968,26.70967741935484
100,1,1969,31.79032258064516
101,1,1970,25.112903225806452
102,1,1971,26.93548387096774
103,1,1972,35.04838709677419
104,1,1973,35.483870967741936
105,1,1974,35.20967741935484
106,1,1975,37.29032258064516
107,1,1976,27.306451612903224
108,1,1977,22.048387096774192
109,1,1978,27.951612903225808
110,1,1979,33.54838709677419
111,1,1980,33.67741935483871
112,1,1981,26.20967741935484
113,1,1982,26.096774193548388
114,1,1983,34.483870967741936
115,1,1984,29.85483870967742
116,1,1985,28.806451612903224
117,1,1986,34.096774193548384
118,1,1987,32.29032258064516
119,1,1988,29.483870967741936
120,1,1989,37.37096774193548
121,1,1990,41.354838709677416
122,1,1991,34.87096774193548
123,1,1992,35.70967741935484
124,1,1993,36.32258064516129
125,1,1994,25.532258064516128
126,1,1995,37.516129032258064
127,1,1996,30.5
128,1,1997,32.145161290322584
129,1,1998,39.983870967741936
130,1,1999,33.903225806451616
131,1,2000,31.274193548387096
132,1,2001,33.62903225806452
133,1,2002,39.935483870967744
134,1,2003,27.5
135,1,2004,24.725806451612904
136,1,2005,31.306451612903224
137,1,2006,40.87096774193548
138,1,2007,37.483870967741936
139,1,2008,36.5
140,1,2009,27.919354838709676
141,1,2010,32.516129032258064
142,1,2011,29.677419354838708
143,1,2012,37.32258064516129
144,1,2013,35.08064516129032
145,1,2014,28.596774193548388
146,1,2015,29.85483870967742
147,1,2016,34.45161290322581
148,1,2017,38.016129032258064
149,1,2018,31.677419354838708
150,1,2019,32.516129032258064
151,1,2020,39.145161290322584
152,1,2021,34.75806451612903
153,1,2022,30.322580645161292
154,2,1869,34.80357142857143
155,2,1870,30.553571428571427
156,2,1871,30.392857142857142
157,2,1872,30.379310344827587
158,2,1873,29.089285714285715
159,2,1874,31.357142857142858
160,2,1875,25.160714285714285
161,2,1876,32.189655172413794
162,2,1877,37.089285714285715
163,2,1878,32.30357142857143
164,2,1879,27.928571428571427
165,2,1880,36.53448275862069
166,2,1881,28.535714285714285
167,2,1882,34.732142857142854
168,2,1883,30.178571428571427
169,2,1884,33.810344827586206
170,2,1885,22.553571428571427
171,2,1886,28.339285714285715
172,2,1887,31.892857142857142
173,2,1888,29.24137931034483
174,2,1889,28.071428571428573
175,2,1890,38.035714285714285
176,2,1891,36.375
177,2,1892,33.51724137931034
178,2,1893,29.678571428571427
179,2,1894,28.25
180,2,1895,24.285714285714285
181,2,1896,31.603448275862068
182,2,1897,33.44642857142857
183,2,1898,36.160714285714285
184,2,1899,28.089285714285715
185,2,1900,30.464285714285715
186,2,1901,26.446428571428573
187,2,1902,29.589285714285715
188,2,1903,33.535714285714285
189,2,1904,25.051724137931036
190,2,1905,24.803571428571427
191,2,1906,32.839285714285715
192,2,1907,25.803571428571427
193,2,1908,27.448275862068964
194,2,1909,38.05357142857143
195,2,1910,29.678571428571427
196,2,1911,31.160714285714285
197,2,1912,28.82758620689655
198,2,1913,31.25
199,2,1914,25.392857142857142
200,2,1915,35.857142857142854
201,2,1916,27.844827586206897
202,2,1917,28.321428571428573
203,2,1918,30.392857142857142
204,2,1919,34.910714285714285
205,2,1920,28.5
206,2,1921,33.92857142857143
207,2,1922,33.589285714285715
208,2,1923,26.285714285714285
209,2,1924,28.82758620689655
210,2,1925,37.839285714285715
211,2,1926,29.196428571428573
212,2,1927,36.357142857142854
213,2,1928,32.98275862068966
214,2,1929,32.910714285714285
215,2,1930,37.0
216,2,1931,33.839285714285715
217,2,1932,36.10344827586207
218,2,1933,34.07142857142857
219,2,1934,19.910714285714285
220,2,1935,31.160714285714285
221,2,1936,25.70689655172414
222,2,1937,34.785714285714285
223,2,1938,35.375
224,2,1939,37.0
225,2,1940,32.86206896551724
226,2,1941,31.089285714285715
227,2,1942,29.625
228,2,1943,34.589285714285715
229,2,1944,33.172413793103445
230,2,1945,33.910714285714285
231,2,1946,31.660714285714285
232,2,1947,29.25
233,2,1948,30.724137931034484
234,2,1949,38.607142857142854
235,2,1950,31.553571428571427
236,2,1951,36.160714285714285
237,2,1952,36.189655172413794
238,2,1953,38.42857142857143
239,2,1954,40.125
240,2,1955,34.982142857142854
241,2,1956,36.55172413793103
242,2,1957,37.232142857142854
243,2,1958,27.392857142857142
244,2,1959,32.035714285714285
245,2,1960,36.258620689655174
246,2,1961,36.625
247,2,1962,31.803571428571427
248,2,1963,28.232142857142858
249,2,1964,32.810344827586206
250,2,1965,33.857142857142854
251,2,1966,35.035714285714285
252,2,1967,29.160714285714285
253,2,1968,28.844827586206897
254,2,1969,32.607142857142854
255,2,1970,32.982142857142854
256,2,1971,35.089285714285715
257,2,1972,31.43103448275862
258,2,1973,32.482142857142854
259,2,1974,31.696428571428573
260,2,1975,35.785714285714285
261,2,1976,39.86206896551724
262,2,1977,33.44642857142857
263,2,1978,27.178571428571427
264,2,1979,25.464285714285715
265,2,1980,31.379310344827587
266,2,1981,39.267857142857146
267,2,1982,35.339285714285715
268,2,1983,36.410714285714285
269,2,1984,40.62068965517241
270,2,1985,36.55357142857143
271,2,1986,31.946428571428573
272,2,1987,33.19642857142857
273,2,1988,34.94827586206897
274,2,1989,34.5
275,2,1990,39.714285714285715
276,2,1991,39.94642857142857
277,2,1992,36.3448275862069
278,2,1993,30.75
279,2,1994,30.571428571428573
280,2,1995,31.553571428571427
281,2,1996,33.8448275862069
282,2,1997,40.0
283,2,1998,40.625
284,2,1999,38.82142857142857
285,2,2000,37.275862068965516
286,2,2001,35.910714285714285
287,2,2002,40.589285714285715
288,2,2003,30.071428571428573
289,2,2004,35.03448275862069
290,2,2005,36.535714285714285
291,2,2006,35.732142857142854
292,2,2007,28.25
293,2,2008,35.775862068965516
294,2,2009,36.714285714285715
295,2,2010,33.107142857142854
296,2,2011,36.035714285714285
297,2,2012,40.87931034482759
298,2,2013,33.910714285714285
299,2,2014,31.625
300,2,2015,23.946428571428573
301,2,2016,37.706896551724135
302,2,2017,41.625
303,2,2018,42.035714285714285
304,2,2019,36.214285714285715
305,2,2020,40.12068965517241
306,2,2021,34.160714285714285
307,2,2022,37.32142857142857
308,3,1869,35.403225806451616
309,3,1870,34.564516129032256
310,3,1871,44.08064516129032
311,3,1872,30.919354838709676
312,3,1873,35.645161290322584
313,3,1874,37.064516129032256
314,3,1875,34.483870967741936
315,3,1876,34.645161290322584
316,3,1877,36.08064516129032
317,3,1878,44.193548387096776
318,3,1879,39.83870967741935
319,3,1880,36.693548387096776
320,3,1881,36.83870967741935
321,3,1882,40.096774193548384
322,3,1883,32.46774193548387
323,3,1884,36.983870967741936
324,3,1885,30.14516129032258
325,3,1886,37.82258064516129
326,3,1887,32.096774193548384
327,3,1888,29.919354838709676
328,3,1889,39.96774193548387
329,3,1890,35.645161290322584
330,3,1891,36.33870967741935
331,3,1892,34.5
332,3,1893,35.403225806451616
333,3,1894,42.95161290322581
334,3,1895,35.53225806451613
335,3,1896,32.725806451612904
336,3,1897,40.903225806451616
337,3,1898,46.145161290322584
338,3,1899,38.306451612903224
339,3,1900,33.516129032258064
340,3,1901,38.354838709677416
341,3,1902,44.5
342,3,1903,48.225806451612904
343,3,1904,36.20967741935484
344,3,1905,40.41935483870968
345,3,1906,35.79032258064516
346,3,1907,42.596774193548384
347,3,1908,41.096774193548384
348,3,1909,38.225806451612904
349,3,1910,43.596774193548384
350,3,1911,34.82258064516129
351,3,1912,37.54838709677419
352,3,1913,44.806451612903224
353,3,1914,36.45161290322581
354,3,1915,36.74193548387097
355,3,1916,32.354838709677416
356,3,1917,39.24193548387097
357,3,1918,42.08064516129032
358,3,1919,43.24193548387097
359,3,1920,39.903225806451616
360,3,1921,48.37096774193548
361,3,1922,40.983870967741936
362,3,1923,36.774193548387096
363,3,1924,39.12903225806452
364,3,1925,44.16129032258065
365,3,1926,35.693548387096776
366,3,1927,42.983870967741936
367,3,1928,38.774193548387096
368,3,1929,45.096774193548384
369,3,1930,40.24193548387097
370,3,1931,40.306451612903224
371,3,1932,37.33870967741935
372,3,1933,38.32258064516129
373,3,1934,37.29032258064516
374,3,1935,43.38709677419355
375,3,1936,45.16129032258065
376,3,1937,36.483870967741936
377,3,1938,44.145161290322584
378,3,1939,39.17741935483871
379,3,1940,35.11290322580645
380,3,1941,36.08064516129032
381,3,1942,42.96774193548387
382,3,1943,40.17741935483871
383,3,1944,37.596774193548384
384,3,1945,51.096774193548384
385,3,1946,49.82258064516129
386,3,1947,37.79032258064516
387,3,1948,42.03225806451613
388,3,1949,42.83870967741935
389,3,1950,36.32258064516129
390,3,1951,41.53225806451613
391,3,1952,40.20967741935484
392,3,1953,43.37096774193548
393,3,1954,41.53225806451613
394,3,1955,41.66129032258065
395,3,1956,37.37096774193548
396,3,1957,41.903225806451616
397,3,1958,40.225806451612904
398,3,1959,40.08064516129032
399,3,1960,33.354838709677416
400,3,1961,41.516129032258064
401,3,1962,43.04838709677419
402,3,1963,43.66129032258065
403,3,1964,43.12903225806452
404,3,1965,39.983870967741936
405,3,1966,42.645161290322584
406,3,1967,37.516129032258064
407,3,1968,43.25806451612903
408,3,1969,40.03225806451613
409,3,1970,38.66129032258065
410,3,1971,40.096774193548384
411,3,1972,39.74193548387097
412,3,1973,46.37096774193548
413,3,1974,42.04838709677419
414,3,1975,40.11290322580645
415,3,1976,44.403225806451616
416,3,1977,46.725806451612904
417,3,1978,39.0
418,3,1979,46.854838709677416
419,3,1980,41.17741935483871
420,3,1981,42.20967741935484
421,3,1982,41.87096774193548
422,3,1983,43.96774193548387
423,3,1984,36.66129032258065
424,3,1985,45.75806451612903
425,3,1986,45.064516129032256
426,3,1987,45.12903225806452
427,3,1988,43.58064516129032
428,3,1989,42.37096774193548
429,3,1990,45.064516129032256
430,3,1991,44.61290322580645
431,3,1992,39.983870967741936
432,3,1993,39.645161290322584
433,3,1994,40.645161290322584
434,3,1995,44.983870967741936
435,3,1996,38.91935483870968
436,3,1997,41.854838709677416
437,3,1998,45.38709677419355
438,3,1999,42.516129032258064
439,3,2000,47.193548387096776
440,3,2001,39.61290322580645
441,3,2002,44.145161290322584
442,3,2003,43.096774193548384
443,3,2004,43.5
444,3,2005,39.45161290322581
445,3,2006,43.08064516129032
446,3,2007,42.225806451612904
447,3,2008,42.645161290322584
448,3,2009,42.41935483870968
449,3,2010,48.193548387096776
450,3,2011,42.32258064516129
451,3,2012,50.935483870967744
452,3,2013,40.145161290322584
453,3,2014,37.66129032258065
454,3,2015,38.096774193548384
455,3,2016,48.87096774193548
456,3,2017,39.17741935483871
457,3,2018,40.145161290322584
458,3,2019,41.725806451612904
459,3,2020,48.0
460,3,2021,45.82258064516129
461,3,2022,45.29032258064516
462,4,1869,49.85
463,4,1870,50.766666666666666
464,4,1871,52.583333333333336
465,4,1872,49.666666666666664
466,4,1873,46.8
467,4,1874,40.93333333333333
468,4,1875,43.416666666666664
469,4,1876,47.266666666666666
470,4,1877,47.9
471,4,1878,53.7
472,4,1879,49.083333333333336
473,4,1880,49.61666666666667
474,4,1881,46.733333333333334
475,4,1882,47.43333333333333
476,4,1883,47.31666666666667
477,4,1884,48.03333333333333
478,4,1885,48.86666666666667
479,4,1886,53.53333333333333
480,4,1887,46.28333333333333
481,4,1888,46.0
482,4,1889,51.0
483,4,1890,49.71666666666667
484,4,1891,49.983333333333334
485,4,1892,48.95
486,4,1893,47.05
487,4,1894,49.36666666666667
488,4,1895,50.11666666666667
489,4,1896,52.766666666666666
490,4,1897,50.6
491,4,1898,47.96666666666667
492,4,1899,49.733333333333334
493,4,1900,50.38333333333333
494,4,1901,48.333333333333336
495,4,1902,50.86666666666667
496,4,1903,52.416666666666664
497,4,1904,46.8
498,4,1905,50.233333333333334
499,4,1906,52.25
500,4,1907,46.88333333333333
501,4,1908,52.46666666666667
502,4,1909,48.61666666666667
503,4,1910,55.5
504,4,1911,47.88333333333333
505,4,1912,50.35
506,4,1913,52.43333333333333
507,4,1914,47.86666666666667
508,4,1915,54.4
509,4,1916,48.35
510,4,1917,48.35
511,4,1918,50.733333333333334
512,4,1919,49.95
513,4,1920,48.06666666666667
514,4,1921,56.083333333333336
515,4,1922,51.45
516,4,1923,50.28333333333333
517,4,1924,49.083333333333336
518,4,1925,51.8
519,4,1926,47.333333333333336
520,4,1927,48.583333333333336
521,4,1928,48.31666666666667
522,4,1929,50.93333333333333
523,4,1930,48.38333333333333
524,4,1931,51.05
525,4,1932,49.0
526,4,1933,50.4
527,4,1934,50.266666666666666
528,4,1935,49.63333333333333
529,4,1936,47.78333333333333
530,4,1937,49.583333333333336
531,4,1938,53.63333333333333
532,4,1939,48.233333333333334
533,4,1940,46.75
534,4,1941,56.75
535,4,1942,53.833333333333336
536,4,1943,46.06666666666667
537,4,1944,48.85
538,4,1945,55.56666666666667
539,4,1946,50.4
540,4,1947,50.43333333333333
541,4,1948,50.96666666666667
542,4,1949,53.78333333333333
543,4,1950,48.416666666666664
544,4,1951,53.03333333333333
545,4,1952,54.96666666666667
546,4,1953,52.3
547,4,1954,53.733333333333334
548,4,1955,53.46666666666667
549,4,1956,48.21666666666667
550,4,1957,53.233333333333334
551,4,1958,52.86666666666667
552,4,1959,53.733333333333334
553,4,1960,54.0
554,4,1961,49.0
555,4,1962,53.28333333333333
556,4,1963,53.666666666666664
557,4,1964,49.68333333333333
558,4,1965,50.6
559,4,1966,49.65
560,4,1967,49.55
561,4,1968,54.96666666666667
562,4,1969,55.916666666666664
563,4,1970,52.083333333333336
564,4,1971,50.733333333333334
565,4,1972,50.11666666666667
566,4,1973,53.35
567,4,1974,55.13333333333333
568,4,1975,47.86666666666667
569,4,1976,55.0
570,4,1977,53.68333333333333
571,4,1978,51.56666666666667
572,4,1979,52.583333333333336
573,4,1980,54.516666666666666
574,4,1981,56.11666666666667
575,4,1982,51.2
576,4,1983,52.3
577,4,1984,51.88333333333333
578,4,1985,55.483333333333334
579,4,1986,54.483333333333334
580,4,1987,53.38333333333333
581,4,1988,51.15
582,4,1989,52.15
583,4,1990,53.483333333333334
584,4,1991,55.666666666666664
585,4,1992,50.5
586,4,1993,53.25
587,4,1994,55.61666666666667
588,4,1995,51.9
589,4,1996,52.21666666666667
590,4,1997,51.68333333333333
591,4,1998,53.96666666666667
592,4,1999,53.5
593,4,2000,51.0
594,4,2001,53.916666666666664
595,4,2002,56.1
596,4,2003,49.8
597,4,2004,53.56666666666667
598,4,2005,55.13333333333333
599,4,2006,55.666666666666664
600,4,2007,50.333333333333336
601,4,2008,54.95
602,4,2009,54.516666666666666
603,4,2010,57.86666666666667
604,4,2011,54.3
605,4,2012,54.766666666666666
606,4,2013,52.983333333333334
607,4,2014,52.333333333333336
608,4,2015,54.25
609,4,2016,53.333333333333336
610,4,2017,57.15
611,4,2018,49.45
612,4,2019,55.45
613,4,2020,50.35
614,4,2021,54.583333333333336
615,4,2022,52.75
616,5,1869,60.958333333333336
617,5,1870,60.87096774193548
618,5,1871,60.29032258064516
619,5,1872,61.95161290322581
620,5,1873,58.32258064516129
621,5,1874,58.29032258064516
622,5,1875,60.016129032258064
623,5,1876,60.08064516129032
624,5,1877,59.46774193548387
625,5,1878,59.306451612903224
626,5,1879,62.903225806451616
627,5,1880,67.48387096774194
628,5,1881,62.11290322580645
629,5,1882,56.096774193548384
630,5,1883,60.87096774193548
631,5,1884,60.193548387096776
632,5,1885,59.20967741935484
633,5,1886,60.37096774193548
634,5,1887,64.41935483870968
635,5,1888,58.193548387096776
636,5,1889,63.806451612903224
637,5,1890,60.75806451612903
638,5,1891,58.24193548387097
639,5,1892,59.693548387096776
640,5,1893,58.33870967741935
641,5,1894,61.37096774193548
642,5,1895,63.306451612903224
643,5,1896,67.20967741935483
644,5,1897,61.5
645,5,1898,59.145161290322584
646,5,1899,62.82258064516129
647,5,1900,59.91935483870968
648,5,1901,57.91935483870968
649,5,1902,59.403225806451616
650,5,1903,63.79032258064516
651,5,1904,64.25806451612904
652,5,1905,61.5
653,5,1906,63.32258064516129
654,5,1907,56.67741935483871
655,5,1908,63.91935483870968
656,5,1909,61.20967741935484
657,5,1910,61.67741935483871
658,5,1911,64.54838709677419
659,5,1912,62.225806451612904
660,5,1913,60.645161290322584
661,5,1914,64.51612903225806
662,5,1915,58.95161290322581
663,5,1916,61.38709677419355
664,5,1917,54.33870967741935
665,5,1918,65.29032258064517
666,5,1919,61.983870967741936
667,5,1920,58.74193548387097
668,5,1921,61.17741935483871
669,5,1922,64.58064516129032
670,5,1923,59.96774193548387
671,5,1924,57.25806451612903
672,5,1925,59.53225806451613
673,5,1926,60.064516129032256
674,5,1927,58.95161290322581
675,5,1928,59.32258064516129
676,5,1929,61.693548387096776
677,5,1930,63.854838709677416
678,5,1931,61.45161290322581
679,5,1932,62.03225806451613
680,5,1933,64.37096774193549
681,5,1934,63.66129032258065
682,5,1935,59.87096774193548
683,5,1936,64.2741935483871
684,5,1937,64.1774193548387
685,5,1938,60.774193548387096
686,5,1939,64.91935483870968
687,5,1940,60.66129032258065
688,5,1941,64.66129032258064
689,5,1942,65.29032258064517
690,5,1943,62.54838709677419
691,5,1944,66.98387096774194
692,5,1945,59.193548387096776
693,5,1946,61.91935483870968
694,5,1947,59.91935483870968
695,5,1948,60.17741935483871
696,5,1949,63.064516129032256
697,5,1950,58.74193548387097
698,5,1951,63.33870967741935
699,5,1952,60.67741935483871
700,5,1953,63.37096774193548
701,5,1954,59.806451612903224
702,5,1955,65.38709677419355
703,5,1956,58.645161290322584
704,5,1957,63.096774193548384
705,5,1958,59.064516129032256
706,5,1959,66.30645161290323
707,5,1960,62.61290322580645
708,5,1961,59.83870967741935
709,5,1962,64.38709677419355
710,5,1963,61.11290322580645
711,5,1964,65.40322580645162
712,5,1965,66.37096774193549
713,5,1966,61.54838709677419
714,5,1967,55.17741935483871
715,5,1968,59.564516129032256
716,5,1969,65.20967741935483
717,5,1970,64.03225806451613
718,5,1971,61.32258064516129
719,5,1972,63.25806451612903
720,5,1973,59.45161290322581
721,5,1974,60.935483870967744
722,5,1975,65.79032258064517
723,5,1976,60.193548387096776
724,5,1977,65.01612903225806
725,5,1978,61.46774193548387
726,5,1979,65.29032258064517
727,5,1980,65.62903225806451
728,5,1981,64.7741935483871
729,5,1982,64.08064516129032
730,5,1983,60.11290322580645
731,5,1984,61.645161290322584
732,5,1985,65.24193548387096
733,5,1986,66.01612903225806
734,5,1987,63.564516129032256
735,5,1988,62.62903225806452
736,5,1989,62.064516129032256
737,5,1990,60.20967741935484
738,5,1991,68.6774193548387
739,5,1992,61.0
740,5,1993,65.62903225806451
741,5,1994,61.774193548387096
742,5,1995,61.88709677419355
743,5,1996,61.08064516129032
744,5,1997,59.354838709677416
745,5,1998,64.3225806451613
746,5,1999,63.03225806451613
747,5,2000,63.516129032258064
748,5,2001,63.564516129032256
749,5,2002,60.66129032258065
750,5,2003,58.67741935483871
751,5,2004,65.19354838709677
752,5,2005,58.903225806451616
753,5,2006,63.08064516129032
754,5,2007,65.2258064516129
755,5,2008,60.08064516129032
756,5,2009,62.483870967741936
757,5,2010,65.2741935483871
758,5,2011,64.48387096774194
759,5,2012,65.09677419354838
760,5,2013,62.79032258064516
761,5,2014,64.0
762,5,2015,68.51612903225806
763,5,2016,62.79032258064516
764,5,2017,61.08064516129032
765,5,2018,66.88709677419355
766,5,2019,62.16129032258065
767,5,2020,60.29032258064516
768,5,2021,62.88709677419355
769,5,2022,64.03225806451613
770,6,1869,69.26666666666667
771,6,1870,73.08333333333333
772,6,1871,69.08333333333333
773,6,1872,71.85
774,6,1873,69.88333333333334
775,6,1874,70.51666666666667
776,6,1875,69.05
777,6,1876,73.71666666666667
778,6,1877,70.11666666666666
779,6,1878,67.63333333333334
780,6,1879,69.83333333333333
781,6,1880,72.15
782,6,1881,65.03333333333333
783,6,1882,71.53333333333333
784,6,1883,73.43333333333334
785,6,1884,70.41666666666667
786,6,1885,69.5
787,6,1886,68.61666666666666
788,6,1887,70.08333333333333
789,6,1888,71.46666666666667
790,6,1889,70.7
791,6,1890,70.88333333333334
792,6,1891,72.11666666666666
793,6,1892,74.11666666666666
794,6,1893,68.66666666666667
795,6,1894,70.9
796,6,1895,73.78333333333333
797,6,1896,70.28333333333333
798,6,1897,67.48333333333333
799,6,1898,71.76666666666667
800,6,1899,74.68333333333334
801,6,1900,71.25
802,6,1901,71.41666666666667
803,6,1902,67.03333333333333
804,6,1903,64.45
805,6,1904,70.73333333333333
806,6,1905,70.15
807,6,1906,74.08333333333333
808,6,1907,68.93333333333334
809,6,1908,72.96666666666667
810,6,1909,72.33333333333333
811,6,1910,69.0
812,6,1911,70.1
813,6,1912,69.71666666666667
814,6,1913,70.46666666666667
815,6,1914,68.81666666666666
816,6,1915,67.95
817,6,1916,65.68333333333334
818,6,1917,70.26666666666667
819,6,1918,67.75
820,6,1919,70.91666666666667
821,6,1920,69.15
822,6,1921,71.11666666666666
823,6,1922,71.75
824,6,1923,73.35
825,6,1924,67.81666666666666
826,6,1925,74.31666666666666
827,6,1926,66.75
828,6,1927,67.28333333333333
829,6,1928,67.4
830,6,1929,71.38333333333334
831,6,1930,73.51666666666667
832,6,1931,70.7
833,6,1932,70.46666666666667
834,6,1933,72.36666666666666
835,6,1934,73.76666666666667
836,6,1935,70.03333333333333
837,6,1936,69.75
838,6,1937,71.81666666666666
839,6,1938,70.28333333333333
840,6,1939,72.91666666666667
841,6,1940,70.36666666666666
842,6,1941,71.9
843,6,1942,71.0
844,6,1943,76.15
845,6,1944,72.26666666666667
846,6,1945,70.86666666666666
847,6,1946,69.68333333333334
848,6,1947,68.38333333333334
849,6,1948,69.41666666666667
850,6,1949,74.23333333333333
851,6,1950,70.28333333333333
852,6,1951,69.8
853,6,1952,73.55
854,6,1953,73.56666666666666
855,6,1954,71.56666666666666
856,6,1955,68.86666666666666
857,6,1956,71.43333333333334
858,6,1957,74.26666666666667
859,6,1958,67.16666666666667
860,6,1959,71.18333333333334
861,6,1960,71.8
862,6,1961,72.35
863,6,1962,72.45
864,6,1963,70.91666666666667
865,6,1964,71.6
866,6,1965,70.06666666666666
867,6,1966,75.4
868,6,1967,72.78333333333333
869,6,1968,69.71666666666667
870,6,1969,73.05
871,6,1970,70.85
872,6,1971,74.18333333333334
873,6,1972,67.81666666666666
874,6,1973,73.38333333333334
875,6,1974,69.01666666666667
876,6,1975,70.46666666666667
877,6,1976,73.13333333333334
878,6,1977,70.16666666666667
879,6,1978,71.21666666666667
880,6,1979,69.2
881,6,1980,70.31666666666666
882,6,1981,73.0
883,6,1982,68.56666666666666
884,6,1983,73.36666666666666
885,6,1984,74.48333333333333
886,6,1985,68.58333333333333
887,6,1986,71.53333333333333
888,6,1987,72.83333333333333
889,6,1988,71.8
890,6,1989,72.01666666666667
891,6,1990,72.1
892,6,1991,74.06666666666666
893,6,1992,70.21666666666667
894,6,1993,73.25
895,6,1994,75.16666666666667
896,6,1995,71.81666666666666
897,6,1996,71.38333333333334
898,6,1997,70.88333333333334
899,6,1998,69.15
900,6,1999,73.16666666666667
901,6,2000,71.28333333333333
902,6,2001,72.93333333333334
903,6,2002,71.45
904,6,2003,68.36666666666666
905,6,2004,71.23333333333333
906,6,2005,74.0
907,6,2006,70.98333333333333
908,6,2007,71.36666666666666
909,6,2008,74.0
910,6,2009,67.46666666666667
911,6,2010,74.65
912,6,2011,72.31666666666666
913,6,2012,70.98333333333333
914,6,2013,72.65
915,6,2014,72.45
916,6,2015,71.18333333333334
917,6,2016,72.25
918,6,2017,71.98333333333333
919,6,2018,71.65
920,6,2019,71.65
921,6,2020,73.7
922,6,2021,74.25
923,6,2022,71.38333333333334
924,7,1869,73.04838709677419
925,7,1870,76.91935483870968
926,7,1871,72.88709677419355
927,7,1872,77.87096774193549
928,7,1873,75.98387096774194
929,7,1874,74.19354838709677
930,7,1875,74.16129032258064
931,7,1876,79.20967741935483
932,7,1877,75.20967741935483
933,7,1878,77.83870967741936
934,7,1879,74.95161290322581
935,7,1880,74.69354838709677
936,7,1881,73.6774193548387
937,7,1882,75.46774193548387
938,7,1883,74.2741935483871
939,7,1884,72.11290322580645
940,7,1885,77.95161290322581
941,7,1886,75.2741935483871
942,7,1887,79.06451612903226
943,7,1888,70.93548387096774
944,7,1889,73.93548387096774
945,7,1890,73.38709677419355
946,7,1891,73.01612903225806
947,7,1892,75.62903225806451
948,7,1893,74.1774193548387
949,7,1894,75.48387096774194
950,7,1895,73.09677419354838
951,7,1896,77.14516129032258
952,7,1897,76.96774193548387
953,7,1898,76.88709677419355
954,7,1899,77.0
955,7,1900,77.64516129032258
956,7,1901,78.7258064516129
957,7,1902,73.38709677419355
958,7,1903,75.30645161290323
959,7,1904,75.24193548387096
960,7,1905,77.70967741935483
961,7,1906,77.96774193548387
962,7,1907,77.54838709677419
963,7,1908,80.01612903225806
964,7,1909,73.93548387096774
965,7,1910,77.45161290322581
966,7,1911,77.75806451612904
967,7,1912,75.64516129032258
968,7,1913,76.09677419354838
969,7,1914,72.04838709677419
970,7,1915,73.87096774193549
971,7,1916,75.40322580645162
972,7,1917,75.91935483870968
973,7,1918,74.56451612903226
974,7,1919,75.14516129032258
975,7,1920,73.79032258064517
976,7,1921,77.2741935483871
977,7,1922,73.69354838709677
978,7,1923,73.7258064516129
979,7,1924,74.09677419354838
980,7,1925,73.54838709677419
981,7,1926,75.03225806451613
982,7,1927,73.95161290322581
983,7,1928,75.88709677419355
984,7,1929,75.88709677419355
985,7,1930,76.37096774193549
986,7,1931,77.45161290322581
987,7,1932,76.08064516129032
988,7,1933,75.7741935483871
989,7,1934,77.7258064516129
990,7,1935,77.20967741935483
991,7,1936,76.1774193548387
992,7,1937,76.51612903225806
993,7,1938,76.54838709677419
994,7,1939,76.62903225806451
995,7,1940,76.20967741935483
996,7,1941,75.8225806451613
997,7,1942,76.29032258064517
998,7,1943,76.87096774193549
999,7,1944,79.37096774193549
1000,7,1945,74.54838709677419
1001,7,1946,75.41935483870968
1002,7,1947,75.5
1003,7,1948,77.14516129032258
1004,7,1949,79.61290322580645
1005,7,1950,75.01612903225806
1006,7,1951,76.80645161290323
1007,7,1952,80.2741935483871
1008,7,1953,77.80645161290323
1009,7,1954,76.70967741935483
1010,7,1955,80.83870967741936
1011,7,1956,72.91935483870968
1012,7,1957,77.66129032258064
1013,7,1958,76.08064516129032
1014,7,1959,76.29032258064517
1015,7,1960,74.53225806451613
1016,7,1961,78.06451612903226
1017,7,1962,73.98387096774194
1018,7,1963,76.37096774193549
1019,7,1964,75.37096774193549
1020,7,1965,74.29032258064517
1021,7,1966,79.66129032258064
1022,7,1967,75.3225806451613
1023,7,1968,77.29032258064517
1024,7,1969,74.74193548387096
1025,7,1970,77.11290322580645
1026,7,1971,77.80645161290323
1027,7,1972,77.12903225806451
1028,7,1973,77.33870967741936
1029,7,1974,77.1774193548387
1030,7,1975,75.80645161290323
1031,7,1976,74.80645161290323
1032,7,1977,78.96774193548387
1033,7,1978,74.3225806451613
1034,7,1979,76.87096774193549
1035,7,1980,79.29032258064517
1036,7,1981,78.46774193548387
1037,7,1982,77.90322580645162
1038,7,1983,79.5
1039,7,1984,74.6774193548387
1040,7,1985,76.16129032258064
1041,7,1986,76.0
1042,7,1987,77.91935483870968
1043,7,1988,79.3225806451613
1044,7,1989,74.90322580645162
1045,7,1990,76.75806451612904
1046,7,1991,77.70967741935483
1047,7,1992,74.16129032258064
1048,7,1993,80.11290322580645
1049,7,1994,79.37096774193549
1050,7,1995,79.12903225806451
1051,7,1996,73.3225806451613
1052,7,1997,75.70967741935483
1053,7,1998,76.45161290322581
1054,7,1999,81.35483870967742
1055,7,2000,72.30645161290323
1056,7,2001,73.14516129032258
1057,7,2002,78.75806451612904
1058,7,2003,75.75806451612904
1059,7,2004,74.5
1060,7,2005,77.53225806451613
1061,7,2006,77.93548387096774
1062,7,2007,74.98387096774194
1063,7,2008,78.40322580645162
1064,7,2009,72.66129032258064
1065,7,2010,81.33870967741936
1066,7,2011,80.24193548387096
1067,7,2012,78.75806451612904
1068,7,2013,79.83870967741936
1069,7,2014,76.14516129032258
1070,7,2015,78.79032258064517
1071,7,2016,78.6774193548387
1072,7,2017,76.7741935483871
1073,7,2018,77.62903225806451
1074,7,2019,79.56451612903226
1075,7,2020,80.03225806451613
1076,7,2021,76.03225806451613
1077,7,2022,79.54838709677419
1078,8,1869,71.75806451612904
1079,8,1870,75.06451612903226
1080,8,1871,74.43548387096774
1081,8,1872,76.24193548387096
1082,8,1873,72.01612903225806
1083,8,1874,70.06451612903226
1084,8,1875,73.2258064516129
1085,8,1876,75.19354838709677
1086,8,1877,75.48387096774194
1087,8,1878,74.2741935483871
1088,8,1879,72.03225806451613
1089,8,1880,72.51612903225806
1090,8,1881,73.56451612903226
1091,8,1882,73.2258064516129
1092,8,1883,69.90322580645162
1093,8,1884,73.74193548387096
1094,8,1885,71.90322580645162
1095,8,1886,70.14516129032258
1096,8,1887,70.30645161290323
1097,8,1888,72.8225806451613
1098,8,1889,70.91935483870968
1099,8,1890,73.08064516129032
1100,8,1891,76.12903225806451
1101,8,1892,74.87096774193549
1102,8,1893,74.01612903225806
1103,8,1894,70.96774193548387
1104,8,1895,76.14516129032258
1105,8,1896,76.51612903225806
1106,8,1897,73.40322580645162
1107,8,1898,75.93548387096774
1108,8,1899,75.96774193548387
1109,8,1900,77.2258064516129
1110,8,1901,75.53225806451613
1111,8,1902,72.37096774193549
1112,8,1903,69.41935483870968
1113,8,1904,73.08064516129032
1114,8,1905,74.95161290322581
1115,8,1906,77.59677419354838
1116,8,1907,73.90322580645162
1117,8,1908,75.87096774193549
1118,8,1909,72.56451612903226
1119,8,1910,72.38709677419355
1120,8,1911,73.25806451612904
1121,8,1912,71.62903225806451
1122,8,1913,73.3225806451613
1123,8,1914,74.61290322580645
1124,8,1915,71.58064516129032
1125,8,1916,74.7741935483871
1126,8,1917,76.12903225806451
1127,8,1918,76.45161290322581
1128,8,1919,71.11290322580645
1129,8,1920,74.20967741935483
1130,8,1921,71.58064516129032
1131,8,1922,72.33870967741936
1132,8,1923,72.54838709677419
1133,8,1924,74.24193548387096
1134,8,1925,73.30645161290323
1135,8,1926,73.93548387096774
1136,8,1927,68.45161290322581
1137,8,1928,75.35483870967742
1138,8,1929,73.08064516129032
1139,8,1930,73.51612903225806
1140,8,1931,75.2258064516129
1141,8,1932,76.64516129032258
1142,8,1933,74.80645161290323
1143,8,1934,71.96774193548387
1144,8,1935,74.62903225806451
1145,8,1936,75.40322580645162
1146,8,1937,76.58064516129032
1147,8,1938,78.11290322580645
1148,8,1939,78.04838709677419
1149,8,1940,71.33870967741936
1150,8,1941,74.03225806451613
1151,8,1942,73.58064516129032
1152,8,1943,75.90322580645162
1153,8,1944,77.79032258064517
1154,8,1945,73.37096774193549
1155,8,1946,70.91935483870968
1156,8,1947,75.91935483870968
1157,8,1948,75.24193548387096
1158,8,1949,76.7258064516129
1159,8,1950,73.08064516129032
1160,8,1951,74.48387096774194
1161,8,1952,74.93548387096774
1162,8,1953,75.79032258064517
1163,8,1954,72.69354838709677
1164,8,1955,78.11290322580645
1165,8,1956,74.1774193548387
1166,8,1957,73.56451612903226
1167,8,1958,75.12903225806451
1168,8,1959,77.5
1169,8,1960,74.90322580645162
1170,8,1961,76.38709677419355
1171,8,1962,72.38709677419355
1172,8,1963,72.06451612903226
1173,8,1964,72.90322580645162
1174,8,1965,73.12903225806451
1175,8,1966,76.85483870967742
1176,8,1967,73.85483870967742
1177,8,1968,76.0
1178,8,1969,77.38709677419355
1179,8,1970,77.62903225806451
1180,8,1971,75.91935483870968
1181,8,1972,75.59677419354838
1182,8,1973,77.62903225806451
1183,8,1974,76.37096774193549
1184,8,1975,74.33870967741936
1185,8,1976,74.3225806451613
1186,8,1977,75.69354838709677
1187,8,1978,75.98387096774194
1188,8,1979,76.75806451612904
1189,8,1980,80.25806451612904
1190,8,1981,75.95161290322581
1191,8,1982,73.11290322580645
1192,8,1983,77.7258064516129
1193,8,1984,76.62903225806451
1194,8,1985,75.40322580645162
1195,8,1986,73.09677419354838
1196,8,1987,74.1774193548387
1197,8,1988,78.79032258064517
1198,8,1989,73.98387096774194
1199,8,1990,75.24193548387096
1200,8,1991,77.09677419354838
1201,8,1992,72.90322580645162
1202,8,1993,77.1774193548387
1203,8,1994,73.95161290322581
1204,8,1995,78.54838709677419
1205,8,1996,74.45161290322581
1206,8,1997,73.29032258064517
1207,8,1998,76.64516129032258
1208,8,1999,75.5
1209,8,2000,72.43548387096774
1210,8,2001,78.69354838709677
1211,8,2002,77.70967741935483
1212,8,2003,76.69354838709677
1213,8,2004,74.2258064516129
1214,8,2005,79.66129032258064
1215,8,2006,75.75806451612904
1216,8,2007,74.03225806451613
1217,8,2008,73.80645161290323
1218,8,2009,75.69354838709677
1219,8,2010,77.41935483870968
1220,8,2011,75.2741935483871
1221,8,2012,76.69354838709677
1222,8,2013,74.59677419354838
1223,8,2014,74.51612903225806
1224,8,2015,78.96774193548387
1225,8,2016,79.1774193548387
1226,8,2017,74.03225806451613
1227,8,2018,78.12903225806451
1228,8,2019,75.5
1229,8,2020,76.87096774193549
1230,8,2021,77.54838709677419
1231,8,2022,79.3225806451613
1232,9,1869,65.61666666666666
1233,9,1870,68.13333333333334
1234,9,1871,60.916666666666664
1235,9,1872,66.41666666666667
1236,9,1873,65.38333333333334
1237,9,1874,67.25
1238,9,1875,63.86666666666667
1239,9,1876,63.78333333333333
1240,9,1877,67.03333333333333
1241,9,1878,68.16666666666667
1242,9,1879,63.13333333333333
1243,9,1880,67.2
1244,9,1881,73.31666666666666
1245,9,1882,67.05
1246,9,1883,61.75
1247,9,1884,71.78333333333333
1248,9,1885,63.916666666666664
1249,9,1886,65.78333333333333
1250,9,1887,61.8
1251,9,1888,62.95
1252,9,1889,65.33333333333333
1253,9,1890,67.41666666666667
1254,9,1891,72.05
1255,9,1892,64.88333333333334
1256,9,1893,63.516666666666666
1257,9,1894,69.06666666666666
1258,9,1895,71.45
1259,9,1896,67.41666666666667
1260,9,1897,67.1
1261,9,1898,70.9
1262,9,1899,66.06666666666666
1263,9,1900,70.95
1264,9,1901,68.36666666666666
1265,9,1902,66.48333333333333
1266,9,1903,67.16666666666667
1267,9,1904,67.13333333333334
1268,9,1905,69.8
1269,9,1906,70.3
1270,9,1907,69.8
1271,9,1908,68.88333333333334
1272,9,1909,67.36666666666666
1273,9,1910,69.65
1274,9,1911,67.75
1275,9,1912,66.55
1276,9,1913,64.56666666666666
1277,9,1914,66.68333333333334
1278,9,1915,69.95
1279,9,1916,67.41666666666667
1280,9,1917,63.55
1281,9,1918,63.81666666666667
1282,9,1919,67.6
1283,9,1920,68.48333333333333
1284,9,1921,72.1
1285,9,1922,68.16666666666667
1286,9,1923,68.26666666666667
1287,9,1924,64.1
1288,9,1925,68.78333333333333
1289,9,1926,65.68333333333334
1290,9,1927,67.86666666666666
1291,9,1928,64.7
1292,9,1929,69.43333333333334
1293,9,1930,71.96666666666667
1294,9,1931,72.33333333333333
1295,9,1932,69.36666666666666
1296,9,1933,69.51666666666667
1297,9,1934,69.23333333333333
1298,9,1935,65.26666666666667
1299,9,1936,68.13333333333334
1300,9,1937,66.0
1301,9,1938,65.96666666666667
1302,9,1939,68.6
1303,9,1940,66.58333333333333
1304,9,1941,70.0
1305,9,1942,68.26666666666667
1306,9,1943,67.33333333333333
1307,9,1944,70.03333333333333
1308,9,1945,70.3
1309,9,1946,69.78333333333333
1310,9,1947,68.58333333333333
1311,9,1948,70.21666666666667
1312,9,1949,66.18333333333334
1313,9,1950,64.58333333333333
1314,9,1951,68.15
1315,9,1952,69.86666666666666
1316,9,1953,70.36666666666666
1317,9,1954,67.4
1318,9,1955,67.78333333333333
1319,9,1956,64.81666666666666
1320,9,1957,69.7
1321,9,1958,67.55
1322,9,1959,72.28333333333333
1323,9,1960,68.0
1324,9,1961,73.51666666666667
1325,9,1962,64.93333333333334
1326,9,1963,63.05
1327,9,1964,67.13333333333334
1328,9,1965,67.45
1329,9,1966,66.5
1330,9,1967,66.7
1331,9,1968,70.58333333333333
1332,9,1969,68.91666666666667
1333,9,1970,70.8
1334,9,1971,71.53333333333333
1335,9,1972,69.53333333333333
1336,9,1973,69.5
1337,9,1974,66.66666666666667
1338,9,1975,64.13333333333334
1339,9,1976,66.6
1340,9,1977,68.16666666666667
1341,9,1978,64.93333333333334
1342,9,1979,70.5
1343,9,1980,70.78333333333333
1344,9,1981,67.55
1345,9,1982,68.3
1346,9,1983,71.75
1347,9,1984,65.91666666666667
1348,9,1985,70.45
1349,9,1986,67.83333333333333
1350,9,1987,67.73333333333333
1351,9,1988,67.43333333333334
1352,9,1989,68.06666666666666
1353,9,1990,67.5
1354,9,1991,67.45
1355,9,1992,67.2
1356,9,1993,67.26666666666667
1357,9,1994,67.63333333333334
1358,9,1995,68.25
1359,9,1996,67.98333333333333
1360,9,1997,66.95
1361,9,1998,70.21666666666667
1362,9,1999,69.03333333333333
1363,9,2000,65.96666666666667
1364,9,2001,67.65
1365,9,2002,70.23333333333333
1366,9,2003,67.91666666666667
1367,9,2004,69.33333333333333
1368,9,2005,73.31666666666666
1369,9,2006,66.56666666666666
1370,9,2007,70.26666666666667
1371,9,2008,68.83333333333333
1372,9,2009,66.31666666666666
1373,9,2010,71.06666666666666
1374,9,2011,70.03333333333333
1375,9,2012,68.8
1376,9,2013,67.86666666666666
1377,9,2014,69.73333333333333
1378,9,2015,74.45
1379,9,2016,71.8
1380,9,2017,70.51666666666667
1381,9,2018,70.71666666666667
1382,9,2019,70.36666666666666
1383,9,2020,68.76666666666667
1384,9,2021,70.3
1385,9,2022,69.53333333333333
1386,10,1869,51.016129032258064
1387,10,1870,56.53225806451613
1388,10,1871,55.274193548387096
1389,10,1872,53.33870967741935
1390,10,1873,55.37096774193548
1391,10,1874,54.83870967741935
1392,10,1875,53.17741935483871
1393,10,1876,50.82258064516129
1394,10,1877,55.806451612903224
1395,10,1878,58.70967741935484
1396,10,1879,60.38709677419355
1397,10,1880,53.41935483870968
1398,10,1881,58.08064516129032
1399,10,1882,57.08064516129032
1400,10,1883,51.903225806451616
1401,10,1884,57.53225806451613
1402,10,1885,53.774193548387096
1403,10,1886,55.145161290322584
1404,10,1887,52.37096774193548
1405,10,1888,48.516129032258064
1406,10,1889,49.645161290322584
1407,10,1890,54.854838709677416
1408,10,1891,54.91935483870968
1409,10,1892,53.32258064516129
1410,10,1893,56.12903225806452
1411,10,1894,55.596774193548384
1412,10,1895,52.354838709677416
1413,10,1896,53.74193548387097
1414,10,1897,56.75806451612903
1415,10,1898,59.45161290322581
1416,10,1899,59.016129032258064
1417,10,1900,61.516129032258064
1418,10,1901,56.11290322580645
1419,10,1902,58.0
1420,10,1903,58.24193548387097
1421,10,1904,53.96774193548387
1422,10,1905,59.41935483870968
1423,10,1906,57.54838709677419
1424,10,1907,52.61290322580645
1425,10,1908,60.725806451612904
1426,10,1909,54.91935483870968
1427,10,1910,59.54838709677419
1428,10,1911,55.983870967741936
1429,10,1912,59.20967741935484
1430,10,1913,58.61290322580645
1431,10,1914,59.403225806451616
1432,10,1915,57.645161290322584
1433,10,1916,57.66129032258065
1434,10,1917,52.95161290322581
1435,10,1918,59.016129032258064
1436,10,1919,59.225806451612904
1437,10,1920,61.064516129032256
1438,10,1921,56.25806451612903
1439,10,1922,58.11290322580645
1440,10,1923,55.983870967741936
1441,10,1924,57.03225806451613
1442,10,1925,50.61290322580645
1443,10,1926,55.064516129032256
1444,10,1927,59.54838709677419
1445,10,1928,58.806451612903224
1446,10,1929,54.62903225806452
1447,10,1930,55.53225806451613
1448,10,1931,61.24193548387097
1449,10,1932,58.403225806451616
1450,10,1933,56.145161290322584
1451,10,1934,54.46774193548387
1452,10,1935,57.38709677419355
1453,10,1936,57.403225806451616
1454,10,1937,55.096774193548384
1455,10,1938,59.83870967741935
1456,10,1939,57.25806451612903
1457,10,1940,53.725806451612904
1458,10,1941,60.693548387096776
1459,10,1942,58.75806451612903
1460,10,1943,55.774193548387096
1461,10,1944,57.03225806451613
1462,10,1945,56.17741935483871
1463,10,1946,61.70967741935484
1464,10,1947,63.62903225806452
1465,10,1948,56.645161290322584
1466,10,1949,63.12903225806452
1467,10,1950,60.016129032258064
1468,10,1951,58.62903225806452
1469,10,1952,55.693548387096776
1470,10,1953,60.70967741935484
1471,10,1954,61.725806451612904
1472,10,1955,59.79032258064516
1473,10,1956,58.064516129032256
1474,10,1957,56.193548387096776
1475,10,1958,55.5
1476,10,1959,59.75806451612903
1477,10,1960,58.04838709677419
1478,10,1961,61.08064516129032
1479,10,1962,57.354838709677416
1480,10,1963,61.83870967741935
1481,10,1964,54.96774193548387
1482,10,1965,57.29032258064516
1483,10,1966,56.11290322580645
1484,10,1967,57.16129032258065
1485,10,1968,60.5
1486,10,1969,57.645161290322584
1487,10,1970,58.91935483870968
1488,10,1971,62.66129032258065
1489,10,1972,53.483870967741936
1490,10,1973,60.17741935483871
1491,10,1974,54.096774193548384
1492,10,1975,59.16129032258065
1493,10,1976,52.854838709677416
1494,10,1977,54.91935483870968
1495,10,1978,54.87096774193548
1496,10,1979,57.33870967741935
1497,10,1980,55.20967741935484
1498,10,1981,54.435483870967744
1499,10,1982,58.53225806451613
1500,10,1983,57.82258064516129
1501,10,1984,61.774193548387096
1502,10,1985,59.435483870967744
1503,10,1986,57.983870967741936
1504,10,1987,53.774193548387096
1505,10,1988,52.725806451612904
1506,10,1989,58.12903225806452
1507,10,1990,61.854838709677416
1508,10,1991,58.403225806451616
1509,10,1992,54.516129032258064
1510,10,1993,55.935483870967744
1511,10,1994,57.983870967741936
1512,10,1995,61.61290322580645
1513,10,1996,56.38709677419355
1514,10,1997,56.725806451612904
1515,10,1998,57.53225806451613
1516,10,1999,56.03225806451613
1517,10,2000,56.95161290322581
1518,10,2001,58.516129032258064
1519,10,2002,55.193548387096776
1520,10,2003,55.11290322580645
1521,10,2004,55.96774193548387
1522,10,2005,57.88709677419355
1523,10,2006,56.24193548387097
1524,10,2007,63.61290322580645
1525,10,2008,55.145161290322584
1526,10,2009,54.95161290322581
1527,10,2010,58.12903225806452
1528,10,2011,57.096774193548384
1529,10,2012,58.04838709677419
1530,10,2013,60.193548387096776
1531,10,2014,59.62903225806452
1532,10,2015,58.04838709677419
1533,10,2016,58.75806451612903
1534,10,2017,64.12903225806451
1535,10,2018,57.67741935483871
1536,10,2019,59.91935483870968
1537,10,2020,57.87096774193548
1538,10,2021,62.0
1539,10,2022,56.88709677419355
1540,11,1869,40.6
1541,11,1870,45.666666666666664
1542,11,1871,38.81666666666667
1543,11,1872,41.416666666666664
1544,11,1873,36.78333333333333
1545,11,1874,42.833333333333336
1546,11,1875,38.9
1547,11,1876,45.1
1548,11,1877,44.083333333333336
1549,11,1878,44.1
1550,11,1879,42.88333333333333
1551,11,1880,38.93333333333333
1552,11,1881,44.86666666666667
1553,11,1882,38.96666666666667
1554,11,1883,43.75
1555,11,1884,44.083333333333336
1556,11,1885,44.46666666666667
1557,11,1886,44.416666666666664
1558,11,1887,41.2
1559,11,1888,45.166666666666664
1560,11,1889,44.666666666666664
1561,11,1890,44.166666666666664
1562,11,1891,43.86666666666667
1563,11,1892,43.266666666666666
1564,11,1893,42.81666666666667
1565,11,1894,41.333333333333336
1566,11,1895,47.916666666666664
1567,11,1896,49.733333333333334
1568,11,1897,45.71666666666667
1569,11,1898,45.85
1570,11,1899,46.36666666666667
1571,11,1900,49.05
1572,11,1901,39.733333333333334
1573,11,1902,51.43333333333333
1574,11,1903,42.11666666666667
1575,11,1904,42.43333333333333
1576,11,1905,43.93333333333333
1577,11,1906,45.88333333333333
1578,11,1907,46.11666666666667
1579,11,1908,46.36666666666667
1580,11,1909,49.733333333333334
1581,11,1910,42.583333333333336
1582,11,1911,42.3
1583,11,1912,47.78333333333333
1584,11,1913,47.31666666666667
1585,11,1914,44.43333333333333
1586,11,1915,46.25
1587,11,1916,45.416666666666664
1588,11,1917,41.6
1589,11,1918,46.53333333333333
1590,11,1919,45.18333333333333
1591,11,1920,44.31666666666667
1592,11,1921,44.7
1593,11,1922,45.68333333333333
1594,11,1923,45.21666666666667
1595,11,1924,44.35
1596,11,1925,43.9
1597,11,1926,44.9
1598,11,1927,49.15
1599,11,1928,47.35
1600,11,1929,46.166666666666664
1601,11,1930,45.43333333333333
1602,11,1931,51.88333333333333
1603,11,1932,43.95
1604,11,1933,41.81666666666667
1605,11,1934,48.85
1606,11,1935,48.63333333333333
1607,11,1936,42.65
1608,11,1937,46.4
1609,11,1938,48.28333333333333
1610,11,1939,43.666666666666664
1611,11,1940,45.333333333333336
1612,11,1941,50.0
1613,11,1942,46.96666666666667
1614,11,1943,45.31666666666667
1615,11,1944,45.96666666666667
1616,11,1945,47.56666666666667
1617,11,1946,50.43333333333333
1618,11,1947,44.2
1619,11,1948,52.4
1620,11,1949,46.25
1621,11,1950,48.38333333333333
1622,11,1951,43.516666666666666
1623,11,1952,48.55
1624,11,1953,49.68333333333333
1625,11,1954,46.35
1626,11,1955,44.25
1627,11,1956,46.666666666666664
1628,11,1957,49.35
1629,11,1958,47.93333333333333
1630,11,1959,45.75
1631,11,1960,49.68333333333333
1632,11,1961,48.71666666666667
1633,11,1962,43.18333333333333
1634,11,1963,50.333333333333336
1635,11,1964,49.36666666666667
1636,11,1965,46.75
1637,11,1966,48.88333333333333
1638,11,1967,42.45
1639,11,1968,46.9
1640,11,1969,46.35
1641,11,1970,48.46666666666667
1642,11,1971,45.11666666666667
1643,11,1972,44.333333333333336
1644,11,1973,48.28333333333333
1645,11,1974,48.2
1646,11,1975,52.3
1647,11,1976,41.65
1648,11,1977,47.28333333333333
1649,11,1978,47.766666666666666
1650,11,1979,52.53333333333333
1651,11,1980,44.61666666666667
1652,11,1981,47.68333333333333
1653,11,1982,50.35
1654,11,1983,48.833333333333336
1655,11,1984,47.233333333333334
1656,11,1985,50.016666666666666
1657,11,1986,45.7
1658,11,1987,47.7
1659,11,1988,49.38333333333333
1660,11,1989,45.68333333333333
1661,11,1990,50.333333333333336
1662,11,1991,48.28333333333333
1663,11,1992,46.5
1664,11,1993,48.8
1665,11,1994,51.93333333333333
1666,11,1995,43.583333333333336
1667,11,1996,42.95
1668,11,1997,44.483333333333334
1669,11,1998,48.1
1670,11,1999,50.75
1671,11,2000,45.266666666666666
1672,11,2001,52.68333333333333
1673,11,2002,46.016666666666666
1674,11,2003,50.016666666666666
1675,11,2004,48.166666666666664
1676,11,2005,49.61666666666667
1677,11,2006,51.916666666666664
1678,11,2007,45.416666666666664
1679,11,2008,45.85
1680,11,2009,51.13333333333333
1681,11,2010,47.88333333333333
1682,11,2011,51.88333333333333
1683,11,2012,43.86666666666667
1684,11,2013,45.25
1685,11,2014,45.3
1686,11,2015,52.78333333333333
1687,11,2016,49.766666666666666
1688,11,2017,46.63333333333333
1689,11,2018,44.38333333333333
1690,11,2019,43.86666666666667
1691,11,2020,52.95
1692,11,2021,46.233333333333334
1693,11,2022,50.916666666666664
1694,12,1869,34.79032258064516
1695,12,1870,34.435483870967744
1696,12,1871,29.032258064516128
1697,12,1872,26.661290322580644
1698,12,1873,36.725806451612904
1699,12,1874,33.354838709677416
1700,12,1875,33.41935483870968
1701,12,1876,25.032258064516128
1702,12,1877,37.41935483870968
1703,12,1878,33.193548387096776
1704,12,1879,36.903225806451616
1705,12,1880,26.370967741935484
1706,12,1881,39.04838709677419
1707,12,1882,30.580645161290324
1708,12,1883,31.64516129032258
1709,12,1884,33.645161290322584
1710,12,1885,35.274193548387096
1711,12,1886,29.725806451612904
1712,12,1887,33.37096774193548
1713,12,1888,34.74193548387097
1714,12,1889,39.66129032258065
1715,12,1890,30.048387096774192
1716,12,1891,42.483870967741936
1717,12,1892,32.225806451612904
1718,12,1893,34.88709677419355
1719,12,1894,36.725806451612904
1720,12,1895,38.435483870967744
1721,12,1896,34.403225806451616
1722,12,1897,38.58064516129032
1723,12,1898,35.0
1724,12,1899,38.08064516129032
1725,12,1900,36.17741935483871
1726,12,1901,35.83870967741935
1727,12,1902,32.37096774193548
1728,12,1903,31.516129032258064
1729,12,1904,30.225806451612904
1730,12,1905,38.774193548387096
1731,12,1906,34.225806451612904
1732,12,1907,38.693548387096776
1733,12,1908,37.45161290322581
1734,12,1909,32.53225806451613
1735,12,1910,29.741935483870968
1736,12,1911,39.516129032258064
1737,12,1912,39.306451612903224
1738,12,1913,38.693548387096776
1739,12,1914,31.56451612903226
1740,12,1915,33.41935483870968
1741,12,1916,33.96774193548387
1742,12,1917,24.983870967741936
1743,12,1918,39.41935483870968
1744,12,1919,30.161290322580644
1745,12,1920,37.225806451612904
1746,12,1921,32.483870967741936
1747,12,1922,33.516129032258064
1748,12,1923,42.0
1749,12,1924,33.96774193548387
1750,12,1925,34.79032258064516
1751,12,1926,28.919354838709676
1752,12,1927,36.693548387096776
1753,12,1928,39.29032258064516
1754,12,1929,35.75806451612903
1755,12,1930,34.62903225806452
1756,12,1931,40.91935483870968
1757,12,1932,39.08064516129032
1758,12,1933,32.67741935483871
1759,12,1934,33.38709677419355
1760,12,1935,29.967741935483872
1761,12,1936,38.564516129032256
1762,12,1937,35.403225806451616
1763,12,1938,36.95161290322581
1764,12,1939,36.88709677419355
1765,12,1940,38.403225806451616
1766,12,1941,38.32258064516129
1767,12,1942,31.06451612903226
1768,12,1943,33.04838709677419
1769,12,1944,32.32258064516129
1770,12,1945,30.983870967741936
1771,12,1946,38.096774193548384
1772,12,1947,34.0
1773,12,1948,38.274193548387096
1774,12,1949,39.354838709677416
1775,12,1950,34.903225806451616
1776,12,1951,38.596774193548384
1777,12,1952,38.403225806451616
1778,12,1953,41.33870967741935
1779,12,1954,35.903225806451616
1780,12,1955,29.677419354838708
1781,12,1956,40.87096774193548
1782,12,1957,40.20967741935484
1783,12,1958,29.322580645161292
1784,12,1959,38.354838709677416
1785,12,1960,30.903225806451612
1786,12,1961,35.483870967741936
1787,12,1962,31.467741935483872
1788,12,1963,31.161290322580644
1789,12,1964,36.403225806451616
1790,12,1965,40.45161290322581
1791,12,1966,35.693548387096776
1792,12,1967,38.16129032258065
1793,12,1968,34.24193548387097
1794,12,1969,33.354838709677416
1795,12,1970,34.38709677419355
1796,12,1971,40.75806451612903
1797,12,1972,38.5
1798,12,1973,39.0
1799,12,1974,39.33870967741935
1800,12,1975,35.82258064516129
1801,12,1976,29.903225806451612
1802,12,1977,35.62903225806452
1803,12,1978,38.854838709677416
1804,12,1979,41.08064516129032
1805,12,1980,32.435483870967744
1806,12,1981,36.5
1807,12,1982,42.725806451612904
1808,12,1983,35.16129032258065
1809,12,1984,43.70967741935484
1810,12,1985,34.225806451612904
1811,12,1986,39.0
1812,12,1987,39.53225806451613
1813,12,1988,35.88709677419355
1814,12,1989,25.85483870967742
1815,12,1990,42.58064516129032
1816,12,1991,39.564516129032256
1817,12,1992,37.854838709677416
1818,12,1993,37.32258064516129
1819,12,1994,42.16129032258065
1820,12,1995,32.37096774193548
1821,12,1996,41.274193548387096
1822,12,1997,38.225806451612904
1823,12,1998,43.145161290322584
1824,12,1999,39.91935483870968
1825,12,2000,31.096774193548388
1826,12,2001,44.064516129032256
1827,12,2002,36.016129032258064
1828,12,2003,37.596774193548384
1829,12,2004,38.354838709677416
1830,12,2005,35.25806451612903
1831,12,2006,43.62903225806452
1832,12,2007,36.95161290322581
1833,12,2008,38.11290322580645
1834,12,2009,35.903225806451616
1835,12,2010,32.774193548387096
1836,12,2011,43.306451612903224
1837,12,2012,41.46774193548387
1838,12,2013,38.54838709677419
1839,12,2014,40.516129032258064
1840,12,2015,50.774193548387096
1841,12,2016,38.33870967741935
1842,12,2017,35.03225806451613
1843,12,2018,40.11290322580645
1844,12,2019,38.306451612903224
1845,12,2020,39.20967741935484
1846,12,2021,43.75806451612903
1847,12,2022,37.44827586206897
